trial,t_B_s,t_extra_no_device_s,reaction_time_no_device_s,reaction_time_device_s,total_distance_no_device_m,total_distance_device_m,bc_collision_no_device,bc_collision_device,ab_collision,a_A_m_s2,a_C_m_s2
1,1.908581,1.677069,3.585650,1.045297,64.846102,40.211897,1,0,0,-7.452088,-6.094218
2,1.699707,2.046470,3.746177,0.594187,59.833333,42.623850,1,0,0,-8.122243,-4.244674
3,1.265870,1.151408,2.417278,0.875248,54.659251,44.416793,1,0,0,-7.282804,-4.656118
4,1.969176,0.473405,2.442582,0.859956,61.538128,35.161034,0,0,0,-7.605264,-6.668235
5,1.778751,0.226479,2.005230,1.100301,59.946128,52.983513,1,0,0,-8.811645,-4.008896
6,1.716890,0.636346,2.353237,0.823960,62.901865,45.570384,1,0,0,-7.048755,-4.362400
7,1.449362,0.450462,1.899824,0.769563,54.253625,35.415941,0,0,0,-7.477721,-6.148275
8,1.272242,1.487551,2.759793,0.947694,54.344957,46.732595,1,0,0,-7.427871,-4.489310
9,1.096391,0.431482,1.527873,0.686524,46.253988,32.231514,0,0,0,-8.743773,-6.680741
10,1.902602,1.162027,3.064629,0.597838,63.336115,44.662888,1,0,0,-8.099228,-4.002686
11,1.455776,1.519099,2.974875,0.834514,55.628978,41.669990,1,0,0,-8.258404,-5.002946
12,1.202363,1.304122,2.506485,0.791823,53.912560,40.701836,1,0,0,-7.146470,-5.049625
13,1.305957,0.579574,1.885530,0.662799,52.066840,31.687984,0,0,0,-7.712270,-6.728678
14,1.579220,1.727837,3.307056,0.757258,59.506164,44.853999,1,0,0,-7.354477,-4.308900
15,1.176773,1.559274,2.736046,0.756475,51.208811,32.698880,1,0,0,-8.113172,-6.913001
16,1.856614,1.604070,3.460684,0.729247,61.788935,34.278932,1,0,0,-8.545523,-6.277516
17,1.758520,0.449010,2.207529,0.765625,57.929010,33.897270,0,0,0,-7.890830,-6.570934
18,1.719463,0.435132,2.154595,0.980020,58.875347,46.076269,1,0,0,-8.872365,-4.669696
19,1.432093,1.962369,3.394462,0.707814,56.997911,33.480029,1,0,0,-7.344738,-6.405387
20,1.627309,0.955399,2.582707,1.164201,59.592213,51.944606,1,0,0,-7.736671,-4.268085
21,1.584098,0.771803,2.355900,1.141444,59.527030,46.629619,1,0,0,-7.483825,-5.031193
22,1.649847,1.128310,2.778156,0.836637,58.841271,34.097572,1,0,0,-8.290948,-6.891512
23,1.084444,1.459442,2.543886,0.729853,52.189536,32.051764,1,0,0,-7.058604,-6.983710
24,1.415807,2.015684,3.431492,0.874804,57.166667,34.870556,1,0,0,-7.213758,-6.845026
25,1.041614,0.744248,1.785862,1.093992,50.563240,45.034223,1,0,0,-7.443233,-5.182224
26,1.493991,1.957136,3.451127,0.956811,55.500000,46.169296,1,0,0,-8.610723,-4.595555
27,1.329861,0.247233,1.577094,1.063074,48.385690,39.818691,0,0,0,-8.066558,-6.284342
28,1.144524,1.254876,2.399400,0.872906,49.197079,45.746979,1,0,0,-8.912392,-4.451773
29,1.103403,1.404553,2.507956,0.943042,48.905905,36.057545,1,0,0,-8.691421,-6.828304
30,1.587645,0.401205,1.988850,0.701709,59.205802,41.907377,1,0,0,-7.633902,-4.597108
31,1.170593,0.466645,1.637238,1.014425,52.535631,49.845577,1,0,0,-7.510476,-4.216614
32,1.925120,0.996317,2.921437,0.641683,66.278294,40.348549,1,0,0,-7.064981,-4.683675
33,1.581061,2.035841,3.616902,0.986359,57.500000,44.751408,1,0,0,-8.348349,-4.905638
34,1.346870,1.332481,2.679351,1.102503,53.857427,49.335165,1,0,0,-8.259081,-4.486059
35,1.590915,1.972744,3.563660,0.592472,58.166667,30.063204,1,0,0,-8.060888,-6.879546
36,1.022804,1.728286,2.751090,0.930066,47.628742,37.220630,1,0,0,-8.621057,-6.394654
37,1.958559,1.088025,3.046584,0.566567,63.129710,30.406420,1,0,0,-8.740157,-6.625229
38,1.482303,1.691051,3.173354,1.008001,56.371246,42.115106,1,0,0,-8.048590,-5.486407
39,1.782735,0.233890,2.016625,0.559145,60.498083,38.470261,1,0,0,-8.546181,-4.764436
40,1.082730,0.407374,1.490104,1.155158,50.684288,46.432642,1,0,0,-7.660372,-5.109964
41,1.486658,1.775914,3.262573,0.596186,56.302676,41.171230,1,0,0,-8.125696,-4.446607
42,1.490707,1.713952,3.204659,1.171216,58.048350,40.775430,1,0,0,-7.334644,-6.534361
43,1.937826,0.642017,2.579844,1.060619,65.148342,46.635474,1,0,0,-7.599470,-4.796137
44,1.571728,1.208462,2.780190,0.915577,57.381056,36.890457,1,0,0,-8.375267,-6.420876
45,1.473489,1.351430,2.824919,1.047837,57.902712,39.909825,1,0,0,-7.335480,-6.187724
46,1.266976,1.848704,3.115680,1.056580,54.282613,46.127278,1,0,0,-7.390471,-4.870286
47,1.331569,1.345904,2.677473,1.162219,53.644581,53.579916,1,1,0,-8.225043,-4.059386
48,1.520672,0.983886,2.504558,0.677368,56.343926,38.177945,1,0,0,-8.423344,-5.165369
49,1.438911,0.910950,2.349861,0.913053,56.725151,35.533344,1,0,0,-7.635009,-6.836499
50,1.021612,1.009176,2.030788,0.566534,47.463614,36.405339,1,0,0,-8.720495,-5.151073
51,1.826292,1.438669,3.264961,0.931316,61.152706,35.729984,1,0,0,-8.600184,-6.872948
52,1.896161,1.848232,3.744393,0.619904,61.666667,42.278110,1,0,0,-8.985275,-4.347563
53,1.140249,1.062404,2.202653,0.895465,52.292534,43.436296,1,0,0,-7.426151,-4.871265
54,1.554036,0.670895,2.224931,0.900701,58.509255,36.443121,1,0,0,-7.670298,-6.480616
55,1.108576,0.649658,1.758234,0.826190,49.957027,34.422950,0,0,0,-7.589669,-6.724837
56,1.672240,1.617427,3.289667,0.865842,60.842019,35.965867,1,0,0,-7.438542,-6.449400
57,1.281234,1.751481,3.032714,1.034746,52.955964,51.455546,1,0,0,-8.082168,-4.059918
58,1.659423,0.400028,2.059451,1.059471,59.018535,42.352207,0,0,0,-7.862518,-5.624318
59,1.726995,0.326462,2.053456,0.844507,59.225250,43.958113,1,0,0,-8.720406,-4.647757
60,1.768647,1.329424,3.098071,0.919715,59.919121,42.611055,1,0,0,-8.770940,-5.090775
61,1.107741,0.477729,1.585470,1.151865,51.106862,45.488724,1,0,0,-7.663194,-5.282761
62,1.916012,1.766862,3.682874,0.583814,63.604948,30.887446,1,0,0,-8.057808,-6.564609
63,1.230214,0.789636,2.019850,0.581972,52.702818,43.070838,1,0,0,-7.869528,-4.161927
64,1.037413,0.473357,1.510769,0.561396,47.963202,32.140320,0,0,0,-7.470002,-6.095972
65,1.554852,1.949844,3.504696,0.960504,58.333333,42.383310,1,0,0,-7.730563,-5.265948
66,1.370922,0.514510,1.885433,0.793026,54.987171,41.557880,1,0,0,-7.892841,-4.900672
67,1.829790,0.740968,2.570758,1.042025,62.691666,44.857310,1,0,0,-7.881586,-5.052301
68,1.808251,0.491865,2.300117,0.969862,61.196304,49.405554,1,0,0,-8.392100,-4.178217
69,1.317139,0.419431,1.736570,0.733546,50.132094,33.415035,0,0,0,-8.938364,-6.554683
70,1.952899,0.240181,2.193081,1.128857,61.919447,44.182380,0,0,0,-8.126565,-5.474942
71,1.290918,0.305251,1.596169,1.033773,50.599253,41.225977,0,0,0,-8.570831,-5.787897
72,1.515057,0.531819,2.046876,0.689374,56.731829,36.391240,1,0,0,-8.182943,-5.577494
73,1.255965,0.301426,1.557391,0.754934,46.866122,33.491849,0,0,0,-7.293194,-6.642347
74,1.936044,1.323173,3.259217,0.720108,63.142642,33.052855,1,0,0,-8.532121,-6.597716
75,1.164608,1.493358,2.657965,0.610328,49.639340,32.697922,1,0,0,-8.883395,-6.165773
76,1.044911,0.947898,1.992808,0.603448,48.425219,32.878946,1,0,0,-8.437232,-6.085886
77,1.435097,0.804183,2.239280,1.155289,54.972057,43.551852,1,0,0,-8.412812,-5.716290
78,1.992376,1.158600,3.150975,0.806533,65.888605,40.322006,1,0,1,-7.676167,-5.167037
79,1.891677,1.862509,3.754187,0.768324,63.492062,40.059287,1,0,0,-7.885936,-5.096113
80,1.748608,1.817150,3.565758,1.010780,62.088916,40.939883,1,0,0,-7.432204,-5.764567
81,1.890792,0.282603,2.173395,0.887095,60.278896,38.840564,0,0,0,-7.671373,-5.773651
82,1.893447,0.544847,2.438294,1.155298,62.520437,41.137176,0,0,0,-8.187226,-6.347114
83,1.518858,0.649815,2.168674,1.046211,58.699924,43.967268,1,0,0,-7.371959,-5.235081
84,1.315929,0.673836,1.989765,0.835559,52.496835,36.887080,1,0,0,-8.666054,-6.048877
85,1.772012,1.285342,3.057354,0.763452,59.623031,32.876908,1,0,0,-8.954576,-6.891820
86,1.661661,0.990899,2.652560,1.190642,57.975621,44.020489,1,0,0,-8.819904,-5.744800
87,1.373658,0.293583,1.667241,1.002432,52.688526,41.608386,0,0,0,-7.555281,-5.577602
88,1.094467,0.909867,2.004334,1.165836,49.943812,41.395499,1,0,0,-8.076246,-6.323221
89,1.746790,1.195131,2.941920,0.582935,59.638037,36.007220,1,0,0,-8.677456,-5.282626
90,1.262461,0.393177,1.655637,1.095374,52.928643,44.448411,1,0,0,-7.997910,-5.302684
91,1.936813,1.783571,3.720384,0.945952,62.827310,44.145321,1,0,0,-8.695376,-4.893993
92,1.240971,0.298728,1.539698,0.585345,53.130908,37.225026,0,0,0,-7.607359,-5.056155
93,1.122758,1.957200,3.079957,0.911781,50.333333,42.738903,1,0,0,-8.107687,-5.042701
94,1.831113,0.388315,2.219428,0.980267,59.942152,39.289482,0,0,0,-8.237958,-6.051358
95,1.153284,1.802792,2.956077,0.508612,50.323858,38.424638,1,0,0,-8.396976,-4.637703
96,1.179268,1.915041,3.094309,0.818023,51.998234,39.581800,1,0,0,-7.739435,-5.352567
97,1.599383,2.061184,3.660567,1.077780,58.000000,42.304930,1,0,0,-8.276375,-5.705745
98,1.874562,1.723849,3.598411,0.706751,61.478517,38.895531,1,0,0,-8.824700,-5.121963
99,1.196435,1.681007,2.877442,0.820984,50.273198,37.151840,1,0,0,-8.763988,-5.918028
100,1.310324,1.420718,2.731042,0.809620,55.832510,38.922890,1,0,0,-7.076205,-5.461782
