file,dur_s,kind,why,flow_head,flow_tail,drop_pct,vy_spike,has_occlusion
20260718-22h16m18s_E.avi,20.0,노면충격(방지턱 등),"수직성분 급변 4.45, 감속 미미(16%)",3.609,3.038,15.8,4.449,False
20260718-22h21m46s_E.avi,20.0,노면충격(방지턱 등),"수직성분 급변 0.64, 감속 미미(-84%)",3.042,5.592,-83.8,0.643,False
20260719-08h27m33s_E.avi,20.0,판단애매,"뚜렷한 감속·충격 없음 (감속 -2964%, 수직 0.17)",0.051,1.577,-2964.1,0.175,False
20260719-08h30m35s_E.avi,20.0,노면충격(방지턱 등),"수직성분 급변 6.49, 감속 미미(5%)",3.894,3.691,5.2,6.488,False
20260719-08h30m57s_E.avi,20.0,노면충격(방지턱 등),"수직성분 급변 6.42, 감속 미미(-45%)",3.185,4.607,-44.7,6.425,False
20260719-08h32m05s_E.avi,20.0,판단애매,완만한 감속 35%,3.317,2.147,35.3,2.003,False
20260719-08h32m18s_E.avi,20.0,노면충격(방지턱 등),"수직성분 급변 1.37, 감속 미미(-12%)",2.953,3.316,-12.3,1.371,False
20260719-08h33m54s_E.avi,20.0,노면충격(방지턱 등),"수직성분 급변 2.07, 감속 미미(-8%)",3.272,3.55,-8.5,2.069,False
20260719-08h35m57s_E.avi,20.0,판단애매,완만한 감속 35%,3.216,2.085,35.2,1.533,False
20260719-08h36m31s_E.avi,20.0,노면충격(방지턱 등),"수직성분 급변 2.24, 감속 미미(-32%)",2.746,3.623,-31.9,2.243,False
20260719-09h05m35s_E.avi,20.0,노면충격(방지턱 등),"수직성분 급변 1.00, 감속 미미(-4365%)",0.1,4.454,-4365.3,0.997,False
20260719-12h38m57s_E.avi,20.0,정지/주차중,전 구간 정지 수준 (평균흐름 0.07),0.071,0.149,-108.7,0.059,False
20260719-12h46m46s_E.avi,20.0,노면충격(방지턱 등),"수직성분 급변 1.24, 감속 미미(2%)",2.455,2.407,1.9,1.238,False
20260719-15h26m38s_E.avi,20.0,판단애매,완만한 감속 37%,3.025,1.899,37.2,0.972,False
20260719-15h28m21s_E.avi,20.0,노면충격(방지턱 등),"수직성분 급변 1.29, 감속 미미(3%)",3.988,3.885,2.6,1.292,False
20260719-15h29m28s_E.avi,20.0,노면충격(방지턱 등),"수직성분 급변 0.97, 감속 미미(-73%)",1.799,3.105,-72.7,0.972,False
20260719-15h30m43s_E.avi,20.0,노면충격(방지턱 등),"수직성분 급변 1.40, 감속 미미(-12%)",2.55,2.867,-12.4,1.403,False
20260719-15h38m29s_E.avi,20.0,노면충격(방지턱 등),"수직성분 급변 0.77, 감속 미미(-820%)",0.354,3.257,-819.6,0.773,False
20260719-15h39m50s_E.avi,20.0,노면충격(방지턱 등),"수직성분 급변 6.69, 감속 미미(4%)",4.276,4.089,4.4,6.688,False
20260719-15h40m01s_E.avi,20.0,노면충격(방지턱 등),"수직성분 급변 6.69, 감속 미미(16%)",4.549,3.801,16.5,6.688,False
20260719-15h40m16s_E.avi,20.0,노면충격(방지턱 등),"수직성분 급변 8.55, 감속 미미(-15%)",3.374,3.882,-15.0,8.55,False
20260719-16h18m26s_E.avi,20.0,노면충격(방지턱 등),"수직성분 급변 2.75, 감속 미미(-12%)",3.586,4.022,-12.2,2.746,False
20260719-16h25m33s_E.avi,20.0,노면충격(방지턱 등),"수직성분 급변 0.96, 감속 미미(20%)",2.43,1.94,20.2,0.964,False
20260719-16h26m19s_E.avi,20.0,노면충격(방지턱 등),"수직성분 급변 0.84, 감속 미미(-93%)",1.47,2.837,-93.0,0.836,False
20260719-16h28m53s_E.avi,20.0,노면충격(방지턱 등),"수직성분 급변 1.04, 감속 미미(12%)",1.601,1.416,11.6,1.043,False
20260719-16h29m31s_E.avi,20.0,노면충격(방지턱 등),"수직성분 급변 1.83, 감속 미미(-13%)",1.583,1.795,-13.3,1.834,False
20260719-16h33m55s_E.avi,20.0,노면충격(방지턱 등),"수직성분 급변 4.78, 감속 미미(3%)",2.797,2.723,2.7,4.779,False
20260719-16h34m31s_E.avi,20.0,노면충격(방지턱 등),"수직성분 급변 1.17, 감속 미미(-28%)",2.172,2.781,-28.0,1.171,False
20260719-16h35m09s_E.avi,20.0,노면충격(방지턱 등),"수직성분 급변 5.71, 감속 미미(-1%)",2.855,2.875,-0.7,5.712,False
20260719-16h35m27s_E.avi,20.0,노면충격(방지턱 등),"수직성분 급변 1.81, 감속 미미(-25%)",2.705,3.372,-24.7,1.814,False
20260719-16h37m02s_E.avi,20.0,노면충격(방지턱 등),"수직성분 급변 2.28, 감속 미미(18%)",3.897,3.18,18.4,2.275,False
20260719-16h39m12s_E.avi,20.0,판단애매,"뚜렷한 감속·충격 없음 (감속 -929%, 수직 0.33)",0.086,0.887,-928.9,0.329,False
20260719-17h35m19s_E.avi,20.0,판단애매,"뚜렷한 감속·충격 없음 (감속 -3283%, 수직 0.30)",0.107,3.635,-3282.9,0.305,False
20260719-17h37m19s_E.avi,20.0,노면충격(방지턱 등),"수직성분 급변 1.08, 감속 미미(4%)",2.952,2.836,3.9,1.077,False
20260719-17h39m42s_E.avi,20.0,판단애매,완만한 감속 32%,3.756,2.558,31.9,6.332,False
20260719-17h40m35s_E.avi,20.0,노면충격(방지턱 등),"수직성분 급변 4.40, 감속 미미(-5%)",2.742,2.874,-4.8,4.403,False
20260719-17h44m51s_E.avi,20.0,노면충격(방지턱 등),"수직성분 급변 1.54, 감속 미미(-30%)",1.859,2.415,-29.9,1.537,False
20260719-17h45m21s_E.avi,20.0,노면충격(방지턱 등),"수직성분 급변 1.84, 감속 미미(9%)",1.955,1.786,8.6,1.842,False
20260719-17h45m31s_E.avi,20.0,노면충격(방지턱 등),"수직성분 급변 0.97, 감속 미미(22%)",1.865,1.448,22.4,0.971,False
20260719-17h47m11s_E.avi,20.0,노면충격(방지턱 등),"수직성분 급변 1.77, 감속 미미(23%)",2.479,1.916,22.7,1.768,False
20260719-17h48m37s_E.avi,20.0,노면충격(방지턱 등),"수직성분 급변 1.65, 감속 미미(-4%)",1.548,1.604,-3.6,1.645,False
20260719-17h49m56s_E.avi,20.0,노면충격(방지턱 등),"수직성분 급변 0.85, 감속 미미(11%)",2.141,1.901,11.2,0.847,False
20260719-17h50m12s_E.avi,20.0,노면충격(방지턱 등),"수직성분 급변 1.33, 감속 미미(-33%)",1.835,2.45,-33.5,1.33,False
20260719-17h51m02s_E.avi,20.0,노면충격(방지턱 등),"수직성분 급변 1.78, 감속 미미(2%)",2.775,2.708,2.4,1.783,False
20260719-17h55m11s_E.avi,20.0,정지/주차중,전 구간 정지 수준 (평균흐름 0.11),0.112,0.261,-132.1,0.125,False
20260719-22h21m11s_E.avi,20.0,노면충격(방지턱 등),"수직성분 급변 4.20, 감속 미미(30%)",4.761,3.342,29.8,4.202,False
20260719-22h38m04s_E.avi,20.0,노면충격(방지턱 등),"수직성분 급변 4.11, 감속 미미(21%)",3.669,2.904,20.9,4.113,False
20260719-22h38m21s_E.avi,20.0,노면충격(방지턱 등),"수직성분 급변 2.67, 감속 미미(-19%)",2.489,2.973,-19.4,2.666,False
20260719-22h42m47s_E.avi,20.0,노면충격(방지턱 등),"수직성분 급변 1.10, 감속 미미(-158%)",2.152,5.55,-157.9,1.097,False
20260720-08h04m27s_E.avi,20.0,노면충격(방지턱 등),"수직성분 급변 4.82, 감속 미미(-36%)",3.264,4.447,-36.2,4.816,False
20260720-08h05m29s_E.avi,20.0,노면충격(방지턱 등),"수직성분 급변 4.91, 감속 미미(17%)",3.915,3.235,17.4,4.912,False
20260720-08h12m14s_E.avi,20.0,노면충격(방지턱 등),"수직성분 급변 1.53, 감속 미미(-21%)",4.168,5.025,-20.6,1.531,False
20260720-08h21m31s_E.avi,20.0,노면충격(방지턱 등),"수직성분 급변 4.43, 감속 미미(24%)",3.513,2.667,24.1,4.425,False
20260720-08h22m51s_E.avi,20.0,노면충격(방지턱 등),"수직성분 급변 4.44, 감속 미미(-15%)",3.387,3.896,-15.0,4.439,False
20260720-08h23m23s_E.avi,20.0,노면충격(방지턱 등),"수직성분 급변 3.47, 감속 미미(7%)",4.42,4.098,7.3,3.465,False
20260720-11h48m02s_E.avi,20.0,노면충격(방지턱 등),"수직성분 급변 3.03, 감속 미미(-28%)",3.344,4.284,-28.1,3.034,False
20260720-11h50m45s_E.avi,20.0,노면충격(방지턱 등),"수직성분 급변 1.72, 감속 미미(-46%)",3.077,4.484,-45.7,1.717,False
20260720-11h51m44s_E.avi,20.0,노면충격(방지턱 등),"수직성분 급변 2.30, 감속 미미(-33%)",2.433,3.229,-32.7,2.302,False
20260720-11h52m32s_E.avi,20.0,노면충격(방지턱 등),"수직성분 급변 2.09, 감속 미미(10%)",3.041,2.744,9.8,2.087,False
20260720-11h53m41s_E.avi,20.0,노면충격(방지턱 등),"수직성분 급변 1.61, 감속 미미(10%)",3.063,2.752,10.2,1.605,False
20260720-11h54m06s_E.avi,20.0,노면충격(방지턱 등),"수직성분 급변 1.49, 감속 미미(6%)",2.802,2.638,5.9,1.487,False
20260720-12h09m47s_E.avi,20.0,노면충격(방지턱 등),"수직성분 급변 3.65, 감속 미미(7%)",3.539,3.275,7.5,3.653,False
20260720-12h11m15s_E.avi,20.0,노면충격(방지턱 등),"수직성분 급변 1.61, 감속 미미(-12%)",2.669,2.982,-11.7,1.613,False
20260720-12h12m26s_E.avi,20.0,노면충격(방지턱 등),"수직성분 급변 1.59, 감속 미미(11%)",2.849,2.526,11.4,1.589,False
20260720-14h31m46s_E.avi,20.0,노면충격(방지턱 등),"수직성분 급변 0.78, 감속 미미(13%)",2.439,2.127,12.8,0.778,False
20260720-14h32m37s_E.avi,20.0,노면충격(방지턱 등),"수직성분 급변 5.45, 감속 미미(-29%)",2.623,3.376,-28.7,5.452,False
20260720-14h33m33s_E.avi,20.0,노면충격(방지턱 등),"수직성분 급변 4.72, 감속 미미(2%)",2.507,2.445,2.4,4.723,False
20260720-14h33m48s_E.avi,20.0,노면충격(방지턱 등),"수직성분 급변 2.92, 감속 미미(-15%)",2.546,2.938,-15.4,2.918,False
20260720-14h47m13s_E.avi,20.0,노면충격(방지턱 등),"수직성분 급변 1.77, 감속 미미(-28%)",1.922,2.459,-27.9,1.766,False
20260720-14h47m56s_E.avi,20.0,노면충격(방지턱 등),"수직성분 급변 0.94, 감속 미미(-5%)",1.608,1.685,-4.8,0.941,False
20260720-14h52m30s_E.avi,20.0,노면충격(방지턱 등),"수직성분 급변 1.60, 감속 미미(14%)",2.669,2.294,14.0,1.598,False
20260720-14h53m19s_E.avi,20.0,노면충격(방지턱 등),"수직성분 급변 2.32, 감속 미미(-30%)",2.636,3.433,-30.2,2.323,False
20260720-15h07m13s_E.avi,20.0,노면충격(방지턱 등),"수직성분 급변 1.74, 감속 미미(2%)",2.687,2.632,2.0,1.74,False
20260720-15h09m53s_E.avi,20.0,노면충격(방지턱 등),"수직성분 급변 3.59, 감속 미미(11%)",3.508,3.108,11.4,3.586,False
20260720-15h12m27s_E.avi,20.0,노면충격(방지턱 등),"수직성분 급변 1.78, 감속 미미(-1194%)",0.271,3.513,-1194.3,1.776,False
20260720-15h12m40s_E.avi,20.0,노면충격(방지턱 등),"수직성분 급변 4.77, 감속 미미(26%)",3.584,2.658,25.9,4.775,False
20260720-17h38m33s_E.avi,20.0,노면충격(방지턱 등),"수직성분 급변 1.23, 감속 미미(21%)",3.263,2.582,20.9,1.229,False
