file,type,t_start,t_end,dur_s,area_ratio_max,area_ratio_mean,conf,stage,frame_png
20260718-22h16m18s_E.avi,d_person,7.5,8.0,0.5,3,2.0,0.615,2,012_d_person_20260718-22h16m18s_E_t7.8s.png
20260718-22h16m18s_E.avi,d_person,10.0,12.5,2.5,4,1.8333,0.72,2,009_d_person_20260718-22h16m18s_E_t11.2s.png
20260718-22h21m46s_E.avi,d_person,4.0,4.0,0.0,1,1.0,0.469,2,059_d_person_20260718-22h21m46s_E_t4.0s.png
20260718-22h21m46s_E.avi,d_person,5.5,5.5,0.0,1,1.0,0.377,2,060_d_person_20260718-22h21m46s_E_t5.5s.png
20260718-22h21m46s_E.avi,d_person,6.5,6.5,0.0,1,1.0,0.393,1,
20260719-08h30m35s_E.avi,d_person,5.5,5.5,0.0,1,1.0,0.412,1,
20260719-08h30m35s_E.avi,d_person,10.0,10.0,0.0,1,1.0,0.506,1,
20260719-08h30m35s_E.avi,d_person,15.5,16.5,1.0,2,1.6667,0.812,2,022_d_person_20260719-08h30m35s_E_t16.0s.png
20260719-08h30m35s_E.avi,d_person,19.0,19.0,0.0,1,1.0,0.353,1,
20260719-08h30m57s_E.avi,d_person,0.0,1.0,1.0,2,1.3333,0.722,2,023_d_person_20260719-08h30m57s_E_t0.5s.png
20260719-08h30m57s_E.avi,d_person,2.5,3.0,0.5,2,1.5,0.723,2,027_d_person_20260719-08h30m57s_E_t2.8s.png
20260719-08h30m57s_E.avi,d_person,8.5,8.5,0.0,1,1.0,0.757,1,
20260719-08h30m57s_E.avi,d_person,15.5,17.0,1.5,2,1.25,0.831,2,021_d_person_20260719-08h30m57s_E_t16.2s.png
20260719-08h30m57s_E.avi,d_person,19.0,19.0,0.0,1,1.0,0.406,1,
20260719-08h30m57s_E.avi,d_person,20.0,20.0,0.0,1,1.0,0.45,1,
20260719-08h32m05s_E.avi,c_brake,14.5,18.5,4.0,0.385,0.3487,0.894,2,002_c_brake_20260719-08h32m05s_E_t16.5s.png
20260719-08h32m05s_E.avi,d_person,0.0,4.5,4.5,2,1.6,0.838,2,016_d_person_20260719-08h32m05s_E_t2.2s.png
20260719-08h32m05s_E.avi,d_person,9.5,9.5,0.0,1,1.0,0.447,1,
20260719-08h32m05s_E.avi,d_person,14.0,15.5,1.5,1,1.0,0.655,2,039_d_person_20260719-08h32m05s_E_t14.8s.png
20260719-08h32m05s_E.avi,d_person,16.5,18.0,1.5,1,1.0,0.803,2,040_d_person_20260719-08h32m05s_E_t17.2s.png
20260719-08h32m05s_E.avi,d_person,20.0,20.0,0.0,1,1.0,0.412,1,
20260719-08h32m18s_E.avi,c_brake,2.5,6.5,4.0,0.385,0.3487,0.894,2,003_c_brake_20260719-08h32m18s_E_t4.5s.png
20260719-08h32m18s_E.avi,d_person,2.0,3.5,1.5,1,1.0,0.655,2,041_d_person_20260719-08h32m18s_E_t2.8s.png
20260719-08h32m18s_E.avi,d_person,4.5,6.0,1.5,1,1.0,0.803,2,042_d_person_20260719-08h32m18s_E_t5.2s.png
20260719-08h32m18s_E.avi,d_person,8.0,8.5,0.5,2,1.5,0.439,2,028_d_person_20260719-08h32m18s_E_t8.2s.png
20260719-08h32m18s_E.avi,d_person,9.5,11.5,2.0,1,1.0,0.715,2,038_d_person_20260719-08h32m18s_E_t10.5s.png
20260719-08h32m18s_E.avi,d_person,12.5,13.5,1.0,2,1.3333,0.614,2,024_d_person_20260719-08h32m18s_E_t13.0s.png
20260719-08h32m18s_E.avi,d_person,15.5,15.5,0.0,1,1.0,0.448,1,
20260719-08h32m18s_E.avi,d_person,16.5,16.5,0.0,1,1.0,0.517,1,
20260719-08h32m18s_E.avi,d_person,17.5,18.5,1.0,1,1.0,0.694,2,044_d_person_20260719-08h32m18s_E_t18.0s.png
20260719-08h35m57s_E.avi,c_brake,17.5,19.0,1.5,0.3644,0.2741,0.885,2,004_c_brake_20260719-08h35m57s_E_t18.2s.png
20260719-08h35m57s_E.avi,d_person,10.0,10.0,0.0,1,1.0,0.447,1,
20260719-08h36m31s_E.avi,c_brake,12.5,15.0,2.5,0.1858,0.1494,0.912,2,006_c_brake_20260719-08h36m31s_E_t13.8s.png
20260719-08h36m31s_E.avi,c_brake,18.0,18.5,0.5,0.1496,0.139,0.531,2,007_c_brake_20260719-08h36m31s_E_t18.2s.png
20260719-08h36m31s_E.avi,c_brake,19.5,19.5,0.0,0.1146,0.1146,0.389,2,008_c_brake_20260719-08h36m31s_E_t19.5s.png
20260719-08h36m31s_E.avi,c_brake_near,1.0,1.0,0.0,0.0638,0.0638,0.0,1,
20260719-08h36m31s_E.avi,d_person,0.0,0.0,0.0,1,1.0,0.426,1,
20260719-09h05m35s_E.avi,d_person,20.0,20.0,0.0,1,1.0,0.464,1,
20260719-12h38m57s_E.avi,d_person,14.5,15.0,0.5,2,1.5,0.414,2,029_d_person_20260719-12h38m57s_E_t14.8s.png
20260719-12h46m46s_E.avi,c_brake_near,16.5,16.5,0.0,0.051,0.051,0.0,1,
20260719-12h46m46s_E.avi,c_brake_near,19.0,20.0,1.0,0.0688,0.0677,0.0,1,
20260719-15h28m21s_E.avi,c_brake,18.5,18.5,0.0,0.2792,0.2792,0.616,2,005_c_brake_20260719-15h28m21s_E_t18.5s.png
20260719-15h28m21s_E.avi,d_person,10.0,10.0,0.0,1,1.0,0.529,1,
20260719-15h30m43s_E.avi,d_person,9.5,9.5,0.0,1,1.0,0.418,1,
20260719-15h30m43s_E.avi,d_person,11.5,11.5,0.0,1,1.0,0.561,1,
20260719-15h38m29s_E.avi,d_person,1.5,5.5,4.0,2,1.1111,0.758,2,017_d_person_20260719-15h38m29s_E_t3.5s.png
20260719-15h38m29s_E.avi,d_person,6.5,7.5,1.0,1,1.0,0.844,2,045_d_person_20260719-15h38m29s_E_t7.0s.png
20260719-15h38m29s_E.avi,d_person,18.0,18.0,0.0,1,1.0,0.465,1,
20260719-15h39m50s_E.avi,c_brake_near,6.5,7.5,1.0,0.0799,0.0706,0.0,1,
20260719-15h39m50s_E.avi,d_person,0.0,0.5,0.5,2,1.5,0.448,2,030_d_person_20260719-15h39m50s_E_t0.2s.png
20260719-15h39m50s_E.avi,d_person,4.0,4.0,0.0,1,1.0,0.448,1,
20260719-15h39m50s_E.avi,d_person,10.0,10.0,0.0,1,1.0,0.407,1,
20260719-15h40m01s_E.avi,d_person,16.0,16.0,0.0,1,1.0,0.44,1,
20260719-15h40m01s_E.avi,d_person,18.5,18.5,0.0,3,3.0,0.558,2,013_d_person_20260719-15h40m01s_E_t18.5s.png
20260719-15h40m16s_E.avi,d_person,0.0,0.0,0.0,1,1.0,0.44,1,
20260719-15h40m16s_E.avi,d_person,2.5,2.5,0.0,3,3.0,0.558,2,014_d_person_20260719-15h40m16s_E_t2.5s.png
20260719-15h40m16s_E.avi,d_person,6.0,6.0,0.0,1,1.0,0.419,1,
20260719-15h40m16s_E.avi,d_person,16.5,17.0,0.5,2,1.5,0.683,2,031_d_person_20260719-15h40m16s_E_t16.8s.png
20260719-16h18m26s_E.avi,d_person,0.0,2.5,2.5,1,1.0,0.889,2,037_d_person_20260719-16h18m26s_E_t1.2s.png
20260719-16h28m53s_E.avi,d_person,2.0,2.0,0.0,1,1.0,0.351,1,
20260719-16h29m31s_E.avi,d_person,3.5,3.5,0.0,1,1.0,0.421,1,
20260719-16h35m09s_E.avi,d_person,9.5,9.5,0.0,1,1.0,0.389,1,
20260719-16h35m27s_E.avi,c_brake,5.5,6.5,1.0,0.3899,0.3052,0.708,2,001_c_brake_20260719-16h35m27s_E_t6.0s.png
20260719-16h37m02s_E.avi,d_person,7.0,7.0,0.0,1,1.0,0.373,1,
20260719-16h37m02s_E.avi,d_person,8.0,8.0,0.0,1,1.0,0.433,1,
20260719-16h39m12s_E.avi,d_person,19.5,20.0,0.5,1,1.0,0.812,2,051_d_person_20260719-16h39m12s_E_t19.8s.png
20260719-17h37m19s_E.avi,d_person,20.0,20.0,0.0,1,1.0,0.575,1,
20260719-17h39m42s_E.avi,c_brake_near,9.5,10.0,0.5,0.076,0.0664,0.0,1,
20260719-17h39m42s_E.avi,d_person,0.0,1.0,1.0,3,2.6667,0.84,2,011_d_person_20260719-17h39m42s_E_t0.5s.png
20260719-17h39m42s_E.avi,d_person,20.0,20.0,0.0,1,1.0,0.414,1,
20260719-17h40m35s_E.avi,d_person,6.0,6.0,0.0,1,1.0,0.479,1,
20260719-17h40m35s_E.avi,d_person,17.0,17.5,0.5,1,1.0,0.718,2,052_d_person_20260719-17h40m35s_E_t17.2s.png
20260719-17h44m51s_E.avi,d_person,14.0,14.0,0.0,1,1.0,0.485,1,
20260719-17h45m21s_E.avi,d_person,1.0,1.0,0.0,1,1.0,0.402,1,
20260719-17h47m11s_E.avi,d_person,14.5,14.5,0.0,1,1.0,0.351,1,
20260719-17h48m37s_E.avi,d_person,10.5,10.5,0.0,1,1.0,0.37,1,
20260719-17h49m56s_E.avi,d_person,6.0,6.5,0.5,1,1.0,0.81,2,053_d_person_20260719-17h49m56s_E_t6.2s.png
20260719-17h49m56s_E.avi,d_person,7.5,8.0,0.5,2,1.5,0.665,2,032_d_person_20260719-17h49m56s_E_t7.8s.png
20260719-17h50m12s_E.avi,d_person,5.0,5.0,0.0,1,1.0,0.369,1,
20260719-17h50m12s_E.avi,d_person,11.0,11.0,0.0,1,1.0,0.455,1,
20260719-17h51m02s_E.avi,d_person,5.0,6.0,1.0,1,1.0,0.804,2,046_d_person_20260719-17h51m02s_E_t5.5s.png
20260719-17h51m02s_E.avi,d_person,7.5,7.5,0.0,1,1.0,0.428,1,
20260719-22h21m11s_E.avi,d_person,13.0,13.0,0.0,1,1.0,0.397,1,
20260719-22h38m04s_E.avi,d_person,7.5,7.5,0.0,2,2.0,0.417,2,033_d_person_20260719-22h38m04s_E_t7.5s.png
20260719-22h38m21s_E.avi,d_person,6.5,6.5,0.0,1,1.0,0.397,1,
20260719-22h42m47s_E.avi,d_person,4.0,4.0,0.0,1,1.0,0.367,1,
20260719-22h42m47s_E.avi,d_person,11.5,11.5,0.0,1,1.0,0.481,1,
20260720-08h04m27s_E.avi,d_person,6.5,6.5,0.0,1,1.0,0.367,1,
20260720-08h04m27s_E.avi,d_person,10.0,10.0,0.0,1,1.0,0.375,1,
20260720-08h04m27s_E.avi,d_person,15.5,15.5,0.0,1,1.0,0.414,1,
20260720-08h05m29s_E.avi,d_person,8.0,8.0,0.0,1,1.0,0.561,1,
20260720-08h05m29s_E.avi,d_person,17.0,17.0,0.0,1,1.0,0.472,1,
20260720-08h12m14s_E.avi,d_person,1.5,1.5,0.0,1,1.0,0.453,1,
20260720-08h12m14s_E.avi,d_person,2.5,3.0,0.5,1,1.0,0.702,2,054_d_person_20260720-08h12m14s_E_t2.8s.png
20260720-08h12m14s_E.avi,d_person,4.0,9.5,5.5,2,1.0833,0.789,2,015_d_person_20260720-08h12m14s_E_t6.8s.png
20260720-08h12m14s_E.avi,d_person,10.5,13.0,2.5,2,1.3333,0.671,2,020_d_person_20260720-08h12m14s_E_t11.8s.png
20260720-08h12m14s_E.avi,d_person,14.0,18.0,4.0,2,1.1111,0.853,2,018_d_person_20260720-08h12m14s_E_t16.0s.png
20260720-08h22m51s_E.avi,d_person,0.0,0.0,0.0,1,1.0,0.496,1,
20260720-08h23m23s_E.avi,d_person,3.5,3.5,0.0,1,1.0,0.43,1,
20260720-11h48m02s_E.avi,d_person,19.0,19.0,0.0,1,1.0,0.492,1,
20260720-11h50m45s_E.avi,d_person,10.5,10.5,0.0,1,1.0,0.388,1,
20260720-11h52m32s_E.avi,d_person,1.5,1.5,0.0,1,1.0,0.91,1,
20260720-11h52m32s_E.avi,d_person,16.0,16.0,0.0,1,1.0,0.441,1,
20260720-11h53m41s_E.avi,d_person,0.0,0.0,0.0,4,4.0,0.685,2,010_d_person_20260720-11h53m41s_E_t0.0s.png
20260720-11h53m41s_E.avi,d_person,3.5,3.5,0.0,1,1.0,0.906,1,
20260720-11h53m41s_E.avi,d_person,12.0,12.0,0.0,1,1.0,0.484,1,
20260720-12h09m47s_E.avi,d_person,0.0,1.0,1.0,2,1.3333,0.637,2,025_d_person_20260720-12h09m47s_E_t0.5s.png
20260720-12h09m47s_E.avi,d_person,14.5,14.5,0.0,2,2.0,0.382,2,034_d_person_20260720-12h09m47s_E_t14.5s.png
20260720-12h09m47s_E.avi,d_person,16.0,16.5,0.5,1,1.0,0.417,2,055_d_person_20260720-12h09m47s_E_t16.2s.png
20260720-12h09m47s_E.avi,d_person,19.0,19.0,0.0,1,1.0,0.655,1,
20260720-12h11m15s_E.avi,d_person,2.0,2.0,0.0,1,1.0,0.761,1,
20260720-12h11m15s_E.avi,d_person,11.5,12.0,0.5,1,1.0,0.531,2,056_d_person_20260720-12h11m15s_E_t11.8s.png
20260720-12h11m15s_E.avi,d_person,13.5,14.5,1.0,1,1.0,0.47,2,047_d_person_20260720-12h11m15s_E_t14.0s.png
20260720-12h11m15s_E.avi,d_person,17.5,17.5,0.0,1,1.0,0.366,1,
20260720-12h11m15s_E.avi,d_person,19.5,19.5,0.0,1,1.0,0.454,1,
20260720-12h12m26s_E.avi,d_person,6.5,6.5,0.0,1,1.0,0.352,1,
20260720-12h12m26s_E.avi,d_person,10.0,10.5,0.5,1,1.0,0.463,2,057_d_person_20260720-12h12m26s_E_t10.2s.png
20260720-12h12m26s_E.avi,d_person,19.5,19.5,0.0,1,1.0,0.698,1,
20260720-14h31m46s_E.avi,d_person,13.0,13.0,0.0,1,1.0,0.429,1,
20260720-14h32m37s_E.avi,d_person,1.5,1.5,0.0,1,1.0,0.403,1,
20260720-14h32m37s_E.avi,d_person,7.5,7.5,0.0,1,1.0,0.431,1,
20260720-14h33m48s_E.avi,d_person,14.5,14.5,0.0,1,1.0,0.386,1,
20260720-14h33m48s_E.avi,d_person,15.5,16.5,1.0,2,1.3333,0.53,2,026_d_person_20260720-14h33m48s_E_t16.0s.png
20260720-14h33m48s_E.avi,d_person,20.0,20.0,0.0,1,1.0,0.411,1,
20260720-14h52m30s_E.avi,d_person,11.0,11.0,0.0,1,1.0,0.366,1,
20260720-14h53m19s_E.avi,d_person,0.0,0.0,0.0,1,1.0,0.562,1,
20260720-14h53m19s_E.avi,d_person,1.0,2.5,1.5,1,1.0,0.676,2,043_d_person_20260720-14h53m19s_E_t1.8s.png
20260720-15h07m13s_E.avi,d_person,6.0,6.5,0.5,1,1.0,0.635,2,058_d_person_20260720-15h07m13s_E_t6.2s.png
20260720-15h07m13s_E.avi,d_person,13.5,13.5,0.0,1,1.0,0.446,1,
20260720-15h07m13s_E.avi,d_person,14.5,14.5,0.0,1,1.0,0.46,1,
20260720-15h07m13s_E.avi,d_person,17.5,18.5,1.0,1,1.0,0.765,2,048_d_person_20260720-15h07m13s_E_t18.0s.png
20260720-15h09m53s_E.avi,d_person,0.0,0.0,0.0,1,1.0,0.431,1,
20260720-15h09m53s_E.avi,d_person,6.5,7.5,1.0,1,1.0,0.686,2,049_d_person_20260720-15h09m53s_E_t7.0s.png
20260720-15h09m53s_E.avi,d_person,11.5,12.5,1.0,1,1.0,0.507,2,050_d_person_20260720-15h09m53s_E_t12.0s.png
20260720-15h09m53s_E.avi,d_person,16.0,19.0,3.0,2,1.2857,0.561,2,019_d_person_20260720-15h09m53s_E_t17.5s.png
20260720-15h12m27s_E.avi,d_person,0.0,4.0,4.0,1,1.0,0.761,2,036_d_person_20260720-15h12m27s_E_t2.0s.png
20260720-15h12m27s_E.avi,d_person,5.0,5.0,0.0,1,1.0,0.542,1,
20260720-15h12m27s_E.avi,d_person,11.5,11.5,0.0,2,2.0,0.534,2,035_d_person_20260720-15h12m27s_E_t11.5s.png
20260720-15h12m40s_E.avi,d_person,15.0,15.0,0.0,1,1.0,0.433,1,
20260720-15h12m40s_E.avi,d_person,16.0,16.0,0.0,1,1.0,0.425,1,
20260720-15h12m40s_E.avi,d_person,19.5,19.5,0.0,1,1.0,0.366,1,
20260720-17h38m33s_E.avi,d_person,4.5,4.5,0.0,1,1.0,0.574,1,
20260720-17h38m33s_E.avi,d_person,12.0,12.0,0.0,1,1.0,0.355,1,
