event_id,stage,wall_time_s,mono_time_s,role,extra
9350a9d9f188,udp_receive,1784546114.412029,2329124.093593,receiver,bench_synthetic
9350a9d9f188,ui_alert_shown,1784546114.430107,2329124.111671,receiver,
12ea6cfdf6d2,udp_receive,1784546114.496445,2329124.178009,receiver,bench_synthetic
12ea6cfdf6d2,ui_alert_shown,1784546114.518569,2329124.200134,receiver,
c755fe873752,udp_receive,1784546114.578647,2329124.260211,receiver,bench_synthetic
c755fe873752,ui_alert_shown,1784546114.598074,2329124.279639,receiver,
c32adf52b3b9,udp_receive,1784546114.651968,2329124.333532,receiver,bench_synthetic
c32adf52b3b9,ui_alert_shown,1784546114.665999,2329124.347563,receiver,
8b1bf497f082,udp_receive,1784546114.725916,2329124.407481,receiver,bench_synthetic
8b1bf497f082,ui_alert_shown,1784546114.747263,2329124.428828,receiver,
f6c210a81fd3,udp_receive,1784546114.817281,2329124.498845,receiver,lane_change
f6c210a81fd3,ui_alert_shown,1784546114.833632,2329124.515198,receiver,
ccc5c3fe34f9,udp_receive,1784546114.898567,2329124.580131,receiver,bench_synthetic
ccc5c3fe34f9,ui_alert_shown,1784546114.915137,2329124.596701,receiver,
fc0a1fef0fbb,udp_receive,1784546114.977014,2329124.658578,receiver,bench_synthetic
fc0a1fef0fbb,ui_alert_shown,1784546114.997955,2329124.679520,receiver,
ac9ef134d991,udp_receive,1784546115.058487,2329124.740051,receiver,lane_change
ac9ef134d991,ui_alert_shown,1784546115.082394,2329124.763958,receiver,
d8d28c3eda2c,udp_receive,1784546115.127521,2329124.809085,receiver,bench_synthetic
d8d28c3eda2c,ui_alert_shown,1784546115.150183,2329124.831748,receiver,
d7b7056dfb49,udp_receive,1784546115.198666,2329124.880230,receiver,bench_synthetic
d7b7056dfb49,ui_alert_shown,1784546115.218411,2329124.899976,receiver,
e1a01e4b5fd8,udp_receive,1784546115.271998,2329124.953562,receiver,bench_synthetic
e1a01e4b5fd8,ui_alert_shown,1784546115.283139,2329124.964703,receiver,
503ae231ec71,udp_receive,1784546115.353096,2329125.034660,receiver,bench_synthetic
503ae231ec71,ui_alert_shown,1784546115.368084,2329125.049649,receiver,
e3d67388f61f,udp_receive,1784546115.430786,2329125.112351,receiver,bench_synthetic
e3d67388f61f,ui_alert_shown,1784546115.449226,2329125.130790,receiver,
218080864bb5,udp_receive,1784546115.507656,2329125.189221,receiver,bench_synthetic
218080864bb5,ui_alert_shown,1784546115.533663,2329125.215227,receiver,
3affbfd59bc8,udp_receive,1784546115.581950,2329125.263514,receiver,bench_synthetic
3affbfd59bc8,ui_alert_shown,1784546115.597590,2329125.279154,receiver,
a09310f49db7,udp_receive,1784546115.657592,2329125.339167,receiver,bench_synthetic
a09310f49db7,ui_alert_shown,1784546115.681602,2329125.363167,receiver,
5c46c15faea7,udp_receive,1784546115.735282,2329125.416846,receiver,bench_synthetic
5c46c15faea7,ui_alert_shown,1784546115.750273,2329125.431837,receiver,
a57d7544e455,udp_receive,1784546115.814171,2329125.495735,receiver,bench_synthetic
a57d7544e455,ui_alert_shown,1784546115.832193,2329125.513758,receiver,
f2040d164da4,udp_receive,1784546115.893363,2329125.574927,receiver,bench_synthetic
f2040d164da4,ui_alert_shown,1784546115.915083,2329125.596647,receiver,
62dceddc4da4,udp_receive,1784546115.966077,2329125.647641,receiver,bench_synthetic
62dceddc4da4,ui_alert_shown,1784546115.980962,2329125.662526,receiver,
aa3ac2818036,udp_receive,1784546116.039892,2329125.721456,receiver,bench_synthetic
aa3ac2818036,ui_alert_shown,1784546116.063165,2329125.744729,receiver,
aca1a68ea2fe,udp_receive,1784546116.115284,2329125.796848,receiver,bench_synthetic
aca1a68ea2fe,ui_alert_shown,1784546116.130918,2329125.812483,receiver,
a1226b0fc2f4,udp_receive,1784546116.194336,2329125.875901,receiver,bench_synthetic
a1226b0fc2f4,ui_alert_shown,1784546116.211735,2329125.893300,receiver,
bd7de2b5f860,udp_receive,1784546116.264645,2329125.946209,receiver,bench_synthetic
bd7de2b5f860,ui_alert_shown,1784546116.280823,2329125.962388,receiver,
13246d87f48c,udp_receive,1784546116.352384,2329126.033948,receiver,bench_synthetic
13246d87f48c,ui_alert_shown,1784546116.368317,2329126.049882,receiver,
260b8923c2a8,udp_receive,1784546116.433101,2329126.114666,receiver,bench_synthetic
260b8923c2a8,ui_alert_shown,1784546116.449504,2329126.131068,receiver,
5c4c0b7ba327,udp_receive,1784546116.508869,2329126.190433,receiver,bench_synthetic
5c4c0b7ba327,ui_alert_shown,1784546116.530092,2329126.211657,receiver,
7d0f67f72d6e,udp_receive,1784546116.585321,2329126.266885,receiver,bench_synthetic
7d0f67f72d6e,ui_alert_shown,1784546116.597193,2329126.278758,receiver,
0ff290baef58,udp_receive,1784546116.655624,2329126.337188,receiver,bench_synthetic
0ff290baef58,ui_alert_shown,1784546116.680324,2329126.361888,receiver,
5977ba0bcd80,udp_receive,1784546116.729526,2329126.411090,receiver,bench_synthetic
5977ba0bcd80,ui_alert_shown,1784546116.747106,2329126.428671,receiver,
9ef90ecea3b7,udp_receive,1784546116.802817,2329126.484381,receiver,bench_synthetic
9ef90ecea3b7,ui_alert_shown,1784546116.812732,2329126.494296,receiver,
0d25d4193025,udp_receive,1784546116.880898,2329126.562463,receiver,bench_synthetic
0d25d4193025,ui_alert_shown,1784546116.897485,2329126.579049,receiver,
8e780f8a3732,udp_receive,1784546116.961476,2329126.643040,receiver,bench_synthetic
8e780f8a3732,ui_alert_shown,1784546116.978419,2329126.659983,receiver,
42f64a2a090c,udp_receive,1784546117.037000,2329126.718564,receiver,bench_synthetic
42f64a2a090c,ui_alert_shown,1784546117.059736,2329126.741300,receiver,
d703a15c6ddb,udp_receive,1784546117.109435,2329126.790999,receiver,bench_synthetic
d703a15c6ddb,ui_alert_shown,1784546117.129596,2329126.811160,receiver,
14f2f90f8e89,udp_receive,1784546117.184796,2329126.866360,receiver,bench_synthetic
14f2f90f8e89,ui_alert_shown,1784546117.209743,2329126.891307,receiver,
d2a986ae3fdc,udp_receive,1784546117.261452,2329126.943016,receiver,bench_synthetic
d2a986ae3fdc,ui_alert_shown,1784546117.276119,2329126.957684,receiver,
c7207dbc71a6,udp_receive,1784546117.332475,2329127.014040,receiver,bench_synthetic
c7207dbc71a6,ui_alert_shown,1784546117.343251,2329127.024815,receiver,
cbcdb977c443,udp_receive,1784546117.411232,2329127.092797,receiver,bench_synthetic
cbcdb977c443,ui_alert_shown,1784546117.426698,2329127.108263,receiver,
34bafcf172d0,udp_receive,1784546117.490252,2329127.171816,receiver,bench_synthetic
34bafcf172d0,ui_alert_shown,1784546117.510593,2329127.192158,receiver,
2e8a011373af,udp_receive,1784546117.563083,2329127.244647,receiver,bench_synthetic
2e8a011373af,ui_alert_shown,1784546117.577183,2329127.258747,receiver,
347590458651,udp_receive,1784546117.640755,2329127.322319,receiver,bench_synthetic
347590458651,ui_alert_shown,1784546117.657018,2329127.338583,receiver,
75816e3c189c,udp_receive,1784546117.715506,2329127.397070,receiver,bench_synthetic
75816e3c189c,ui_alert_shown,1784546117.740347,2329127.421911,receiver,
68debb1fa1c5,udp_receive,1784546117.791466,2329127.473030,receiver,bench_synthetic
68debb1fa1c5,ui_alert_shown,1784546117.806516,2329127.488080,receiver,
f7ca83f2277e,udp_receive,1784546117.872295,2329127.553860,receiver,bench_synthetic
f7ca83f2277e,ui_alert_shown,1784546117.889369,2329127.570934,receiver,
9e38751e5680,udp_receive,1784546117.943514,2329127.625078,receiver,bench_synthetic
9e38751e5680,ui_alert_shown,1784546117.968990,2329127.650555,receiver,
0d37581d92cd,udp_receive,1784546118.021367,2329127.702931,receiver,bench_synthetic
0d37581d92cd,ui_alert_shown,1784546118.040516,2329127.722080,receiver,
54beaf7d3a82,udp_receive,1784546118.094990,2329127.776563,receiver,bench_synthetic
54beaf7d3a82,ui_alert_shown,1784546118.118544,2329127.800109,receiver,
643d39d116a4,udp_receive,1784546118.169128,2329127.850692,receiver,bench_synthetic
643d39d116a4,ui_alert_shown,1784546118.183888,2329127.865453,receiver,
41ef92210bd3,udp_receive,1784546118.242769,2329127.924333,receiver,bench_synthetic
41ef92210bd3,ui_alert_shown,1784546118.268778,2329127.950342,receiver,
b854977586a4,udp_receive,1784546118.319401,2329128.000965,receiver,bench_synthetic
b854977586a4,ui_alert_shown,1784546118.336131,2329128.017696,receiver,
a23a5f51f371,udp_receive,1784546118.393288,2329128.074852,receiver,bench_synthetic
a23a5f51f371,ui_alert_shown,1784546118.418143,2329128.099707,receiver,
e44abf8df88c,udp_receive,1784546118.469722,2329128.151286,receiver,bench_synthetic
e44abf8df88c,ui_alert_shown,1784546118.484079,2329128.165644,receiver,
0b6d2fff0745,udp_receive,1784546118.552433,2329128.233997,receiver,bench_synthetic
0b6d2fff0745,ui_alert_shown,1784546118.566492,2329128.248056,receiver,
3c7c2e49859a,udp_receive,1784546118.622321,2329128.303885,receiver,bench_synthetic
3c7c2e49859a,ui_alert_shown,1784546118.650256,2329128.331820,receiver,
c5cdb60cfdc2,udp_receive,1784546118.698424,2329128.379988,receiver,bench_synthetic
c5cdb60cfdc2,ui_alert_shown,1784546118.715508,2329128.397073,receiver,
88e70aedc438,udp_receive,1784546118.773640,2329128.455204,receiver,bench_synthetic
88e70aedc438,ui_alert_shown,1784546118.801335,2329128.482900,receiver,
8ed37c3878f7,udp_receive,1784546118.853324,2329128.534888,receiver,bench_synthetic
8ed37c3878f7,ui_alert_shown,1784546118.866290,2329128.547854,receiver,
5ae7e6f24c6e,udp_receive,1784546118.930589,2329128.612153,receiver,bench_synthetic
5ae7e6f24c6e,ui_alert_shown,1784546118.949233,2329128.630797,receiver,
69e33b0eb2d2,udp_receive,1784546119.002729,2329128.684294,receiver,bench_synthetic
69e33b0eb2d2,ui_alert_shown,1784546119.021052,2329128.702616,receiver,
ebef3b1032ef,udp_receive,1784546119.081288,2329128.762852,receiver,bench_synthetic
ebef3b1032ef,ui_alert_shown,1784546119.105329,2329128.786893,receiver,
6bc3f5dd1ba3,udp_receive,1784546119.161093,2329128.842657,receiver,bench_synthetic
6bc3f5dd1ba3,ui_alert_shown,1784546119.185961,2329128.867525,receiver,
20a4aa8a196a,udp_receive,1784546119.243546,2329128.925111,receiver,bench_synthetic
20a4aa8a196a,ui_alert_shown,1784546119.268745,2329128.950310,receiver,
152362d516ae,udp_receive,1784546119.322730,2329129.004294,receiver,bench_synthetic
152362d516ae,ui_alert_shown,1784546119.336465,2329129.018029,receiver,
f4bc8a11602d,udp_receive,1784546119.402063,2329129.083627,receiver,bench_synthetic
f4bc8a11602d,ui_alert_shown,1784546119.422904,2329129.104469,receiver,
fc3f55bc62bb,udp_receive,1784546119.482035,2329129.163599,receiver,bench_synthetic
fc3f55bc62bb,ui_alert_shown,1784546119.505436,2329129.187001,receiver,
0644bc43e4e0,udp_receive,1784546119.562696,2329129.244260,receiver,bench_synthetic
0644bc43e4e0,ui_alert_shown,1784546119.587944,2329129.269509,receiver,
ad01135f7107,udp_receive,1784546119.646840,2329129.328404,receiver,bench_synthetic
ad01135f7107,ui_alert_shown,1784546119.670465,2329129.352030,receiver,
b70fcc60a112,udp_receive,1784546119.731160,2329129.412725,receiver,bench_synthetic
b70fcc60a112,ui_alert_shown,1784546119.754942,2329129.436507,receiver,
fca5dbcd97f0,udp_receive,1784546119.819614,2329129.501178,receiver,bench_synthetic
fca5dbcd97f0,ui_alert_shown,1784546119.835053,2329129.516618,receiver,
92c1bc1178da,udp_receive,1784546119.894635,2329129.576199,receiver,bench_synthetic
92c1bc1178da,ui_alert_shown,1784546119.916338,2329129.597903,receiver,
959cd1a722d3,udp_receive,1784546119.973585,2329129.655149,receiver,bench_synthetic
959cd1a722d3,ui_alert_shown,1784546119.997979,2329129.679544,receiver,
023f66887e37,udp_receive,1784546120.048964,2329129.730528,receiver,bench_synthetic
023f66887e37,ui_alert_shown,1784546120.066624,2329129.748189,receiver,
40fdc85c5903,udp_receive,1784546120.125229,2329129.806793,receiver,bench_synthetic
40fdc85c5903,ui_alert_shown,1784546120.149859,2329129.831423,receiver,
19ab314c9443,udp_receive,1784546120.205448,2329129.887012,receiver,bench_synthetic
19ab314c9443,ui_alert_shown,1784546120.231881,2329129.913446,receiver,
946f274ad1b0,udp_receive,1784546120.276449,2329129.958013,receiver,bench_synthetic
946f274ad1b0,ui_alert_shown,1784546120.299436,2329129.981000,receiver,
0bdabe5a5352,udp_receive,1784546120.349464,2329130.031028,receiver,bench_synthetic
0bdabe5a5352,ui_alert_shown,1784546120.368889,2329130.050454,receiver,
40af137a5aaa,udp_receive,1784546120.430689,2329130.112253,receiver,bench_synthetic
40af137a5aaa,ui_alert_shown,1784546120.449219,2329130.130783,receiver,
03817ef351cd,udp_receive,1784546120.507133,2329130.188698,receiver,bench_synthetic
03817ef351cd,ui_alert_shown,1784546120.530149,2329130.211728,receiver,
f60017906013,udp_receive,1784546120.582240,2329130.263804,receiver,bench_synthetic
f60017906013,ui_alert_shown,1784546120.594944,2329130.276509,receiver,
f7cccb96fca6,udp_receive,1784546120.661711,2329130.343275,receiver,bench_synthetic
f7cccb96fca6,ui_alert_shown,1784546120.675384,2329130.356949,receiver,
98d8b6ee28ac,udp_receive,1784546120.743030,2329130.424594,receiver,bench_synthetic
98d8b6ee28ac,ui_alert_shown,1784546120.760149,2329130.441714,receiver,
6b2dee346cb3,udp_receive,1784546120.815518,2329130.497082,receiver,bench_synthetic
6b2dee346cb3,ui_alert_shown,1784546120.841544,2329130.523109,receiver,
2dd6e31036b0,udp_receive,1784546120.888755,2329130.570319,receiver,bench_synthetic
2dd6e31036b0,ui_alert_shown,1784546120.913122,2329130.594687,receiver,
9d327841b861,udp_receive,1784546120.964963,2329130.646527,receiver,bench_synthetic
9d327841b861,ui_alert_shown,1784546120.979097,2329130.660661,receiver,
2e4d9b852fbe,udp_receive,1784546121.045353,2329130.726916,receiver,bench_synthetic
2e4d9b852fbe,ui_alert_shown,1784546121.056372,2329130.737937,receiver,
d682ad4877c0,udp_receive,1784546121.120974,2329130.802537,receiver,bench_synthetic
d682ad4877c0,ui_alert_shown,1784546121.142389,2329130.823954,receiver,
a7a1c26eb7ad,udp_receive,1784546121.197988,2329130.879551,receiver,bench_synthetic
a7a1c26eb7ad,ui_alert_shown,1784546121.223827,2329130.905392,receiver,
651454cdfa37,udp_receive,1784546121.276252,2329130.957816,receiver,bench_synthetic
651454cdfa37,ui_alert_shown,1784546121.290704,2329130.972269,receiver,
f358853f9154,udp_receive,1784546121.350879,2329131.032443,receiver,bench_synthetic
f358853f9154,ui_alert_shown,1784546121.373082,2329131.054647,receiver,
8c71df89578f,udp_receive,1784546121.428491,2329131.110055,receiver,bench_synthetic
8c71df89578f,ui_alert_shown,1784546121.442262,2329131.123827,receiver,
acae44fd08ce,udp_receive,1784546121.507453,2329131.189017,receiver,bench_synthetic
acae44fd08ce,ui_alert_shown,1784546121.524301,2329131.205866,receiver,
850f279767bc,udp_receive,1784546121.582853,2329131.264417,receiver,bench_synthetic
850f279767bc,ui_alert_shown,1784546121.608463,2329131.290027,receiver,
cfbb67034d88,udp_receive,1784546121.658991,2329131.340555,receiver,bench_synthetic
cfbb67034d88,ui_alert_shown,1784546121.673421,2329131.354986,receiver,
373defe60150,udp_receive,1784546121.738572,2329131.420136,receiver,bench_synthetic
373defe60150,ui_alert_shown,1784546121.757929,2329131.439494,receiver,
dfd238fd92f4,udp_receive,1784546121.817121,2329131.498685,receiver,bench_synthetic
dfd238fd92f4,ui_alert_shown,1784546121.840756,2329131.522321,receiver,
96eba54fc187,udp_receive,1784546121.899286,2329131.580851,receiver,bench_synthetic
96eba54fc187,ui_alert_shown,1784546121.926251,2329131.607816,receiver,
4ec7ecdacb53,udp_receive,1784546121.973165,2329131.654729,receiver,bench_synthetic
4ec7ecdacb53,ui_alert_shown,1784546121.990299,2329131.671864,receiver,
19a27f64c20e,udp_receive,1784546122.050860,2329131.732424,receiver,bench_synthetic
19a27f64c20e,ui_alert_shown,1784546122.074622,2329131.756186,receiver,
774a31c4a0ed,udp_receive,1784546122.127060,2329131.808625,receiver,bench_synthetic
774a31c4a0ed,ui_alert_shown,1784546122.141273,2329131.822838,receiver,
9d8da61b1daa,udp_receive,1784546122.201983,2329131.883547,receiver,bench_synthetic
9d8da61b1daa,ui_alert_shown,1784546122.225398,2329131.906962,receiver,
39e9581b70ba,udp_receive,1784546122.280349,2329131.961913,receiver,bench_synthetic
39e9581b70ba,ui_alert_shown,1784546122.305305,2329131.986870,receiver,
c6ce48320a44,udp_receive,1784546122.361692,2329132.043256,receiver,bench_synthetic
c6ce48320a44,ui_alert_shown,1784546122.386108,2329132.067673,receiver,
bf17e07322eb,udp_receive,1784546122.438936,2329132.120500,receiver,bench_synthetic
bf17e07322eb,ui_alert_shown,1784546122.454417,2329132.135982,receiver,
82db7357f15e,udp_receive,1784546122.523945,2329132.205509,receiver,bench_synthetic
82db7357f15e,ui_alert_shown,1784546122.537704,2329132.219269,receiver,
3dc89b4714c0,udp_receive,1784546122.602202,2329132.283766,receiver,bench_synthetic
3dc89b4714c0,ui_alert_shown,1784546122.618290,2329132.299855,receiver,
5091c0b65daa,udp_receive,1784546122.676964,2329132.358528,receiver,bench_synthetic
5091c0b65daa,ui_alert_shown,1784546122.701739,2329132.383304,receiver,
dbea3a4c0e32,udp_receive,1784546122.753838,2329132.435403,receiver,bench_synthetic
dbea3a4c0e32,ui_alert_shown,1784546122.772504,2329132.454069,receiver,
ad9d6ac9c865,udp_receive,1784546122.831856,2329132.513420,receiver,bench_synthetic
ad9d6ac9c865,ui_alert_shown,1784546122.856467,2329132.538032,receiver,
51595d00c7c9,udp_receive,1784546122.923213,2329132.604777,receiver,bench_synthetic
51595d00c7c9,ui_alert_shown,1784546122.941003,2329132.622567,receiver,
49a5a78b3b08,udp_receive,1784546123.004754,2329132.686319,receiver,bench_synthetic
49a5a78b3b08,ui_alert_shown,1784546123.023455,2329132.705020,receiver,
67204f6830b3,udp_receive,1784546123.086738,2329132.768302,receiver,bench_synthetic
67204f6830b3,ui_alert_shown,1784546123.104737,2329132.786302,receiver,
e7cc903dfaca,udp_receive,1784546123.169838,2329132.851402,receiver,bench_synthetic
e7cc903dfaca,ui_alert_shown,1784546123.189573,2329132.871138,receiver,
310580dd0446,udp_receive,1784546123.257582,2329132.939146,receiver,bench_synthetic
310580dd0446,ui_alert_shown,1784546123.274774,2329132.956339,receiver,
8170b3e96edb,udp_receive,1784546123.346713,2329133.028277,receiver,bench_synthetic
8170b3e96edb,ui_alert_shown,1784546123.373191,2329133.054756,receiver,
2a12ae4cdc00,udp_receive,1784546123.435344,2329133.116908,receiver,bench_synthetic
2a12ae4cdc00,ui_alert_shown,1784546123.457625,2329133.139190,receiver,
ca0670e046a5,udp_receive,1784546123.522754,2329133.204318,receiver,bench_synthetic
ca0670e046a5,ui_alert_shown,1784546123.540934,2329133.222499,receiver,
5e09295f1aaf,udp_receive,1784546123.605546,2329133.287110,receiver,bench_synthetic
5e09295f1aaf,ui_alert_shown,1784546123.622327,2329133.303892,receiver,
12d4b5118820,udp_receive,1784546123.688037,2329133.369601,receiver,bench_synthetic
12d4b5118820,ui_alert_shown,1784546123.702518,2329133.384083,receiver,
7f38212d5248,udp_receive,1784546123.767743,2329133.449307,receiver,bench_synthetic
7f38212d5248,ui_alert_shown,1784546123.785775,2329133.467339,receiver,
5b521f0a2277,udp_receive,1784546123.843222,2329133.524786,receiver,bench_synthetic
5b521f0a2277,ui_alert_shown,1784546123.869170,2329133.550735,receiver,
e03eb315ca70,udp_receive,1784546123.918229,2329133.599793,receiver,bench_synthetic
e03eb315ca70,ui_alert_shown,1784546123.934368,2329133.615933,receiver,
1bbbcba71186,udp_receive,1784546123.997903,2329133.679467,receiver,bench_synthetic
1bbbcba71186,ui_alert_shown,1784546124.018932,2329133.700497,receiver,
4eb0dc517c07,udp_receive,1784546124.076564,2329133.758128,receiver,bench_synthetic
4eb0dc517c07,ui_alert_shown,1784546124.098066,2329133.779631,receiver,
6f8f53964078,udp_receive,1784546124.152601,2329133.834164,receiver,bench_synthetic
6f8f53964078,ui_alert_shown,1784546124.168215,2329133.849779,receiver,
e1e29d70bf14,udp_receive,1784546124.231138,2329133.912702,receiver,bench_synthetic
e1e29d70bf14,ui_alert_shown,1784546124.252131,2329133.933696,receiver,
7bd39b9aac31,udp_receive,1784546124.305495,2329133.987059,receiver,bench_synthetic
7bd39b9aac31,ui_alert_shown,1784546124.334851,2329134.016416,receiver,
bb047802afba,udp_receive,1784546124.386166,2329134.067730,receiver,bench_synthetic
bb047802afba,ui_alert_shown,1784546124.400383,2329134.081947,receiver,
85f12c138ea3,udp_receive,1784546124.468632,2329134.150197,receiver,bench_synthetic
85f12c138ea3,ui_alert_shown,1784546124.485169,2329134.166734,receiver,
f0900e2b0859,udp_receive,1784546124.555422,2329134.236985,receiver,bench_synthetic
f0900e2b0859,ui_alert_shown,1784546124.580392,2329134.261956,receiver,
3483a17f19be,udp_receive,1784546124.633450,2329134.315014,receiver,bench_synthetic
3483a17f19be,ui_alert_shown,1784546124.648478,2329134.330043,receiver,
ba0525ea2dd3,udp_receive,1784546124.714633,2329134.396197,receiver,lane_change
ba0525ea2dd3,ui_alert_shown,1784546124.731740,2329134.413305,receiver,
145f0b02cc3e,udp_receive,1784546124.791967,2329134.473531,receiver,bench_synthetic
145f0b02cc3e,ui_alert_shown,1784546124.814322,2329134.495886,receiver,
26cfeb0d5348,udp_receive,1784546124.867244,2329134.548809,receiver,bench_synthetic
26cfeb0d5348,ui_alert_shown,1784546124.882704,2329134.564269,receiver,
23fabdfd22e6,udp_receive,1784546124.954847,2329134.636412,receiver,bench_synthetic
23fabdfd22e6,ui_alert_shown,1784546124.980874,2329134.662438,receiver,
eedb61638234,udp_receive,1784546125.048425,2329134.729989,receiver,bench_synthetic
eedb61638234,ui_alert_shown,1784546125.067898,2329134.749462,receiver,
1dd857578d82,udp_receive,1784546125.139883,2329134.821447,receiver,bench_synthetic
1dd857578d82,ui_alert_shown,1784546125.164186,2329134.845750,receiver,
630c5ce381db,udp_receive,1784546125.220590,2329134.902154,receiver,lane_change
630c5ce381db,ui_alert_shown,1784546125.234343,2329134.915908,receiver,
ed52d2be707d,udp_receive,1784546125.301015,2329134.982579,receiver,bench_synthetic
ed52d2be707d,ui_alert_shown,1784546125.319516,2329135.001081,receiver,
37c49fd25c44,udp_receive,1784546125.383515,2329135.065079,receiver,bench_synthetic
37c49fd25c44,ui_alert_shown,1784546125.402528,2329135.084092,receiver,
28ca389bddb6,udp_receive,1784546125.464118,2329135.145682,receiver,bench_synthetic
28ca389bddb6,ui_alert_shown,1784546125.487266,2329135.168830,receiver,
e1940defa30e,udp_receive,1784546125.552415,2329135.233980,receiver,lane_change
e1940defa30e,ui_alert_shown,1784546125.568844,2329135.250409,receiver,
0e58ee6fad88,udp_receive,1784546125.633576,2329135.315141,receiver,bench_synthetic
0e58ee6fad88,ui_alert_shown,1784546125.651488,2329135.333053,receiver,
c843d56795e2,udp_receive,1784546125.713812,2329135.395376,receiver,bench_synthetic
c843d56795e2,ui_alert_shown,1784546125.734569,2329135.416134,receiver,
ad81a8757d63,udp_receive,1784546125.793313,2329135.474877,receiver,bench_synthetic
ad81a8757d63,ui_alert_shown,1784546125.815655,2329135.497220,receiver,
6aa66ab71a78,udp_receive,1784546125.871731,2329135.553296,receiver,lane_change
6aa66ab71a78,ui_alert_shown,1784546125.895756,2329135.577321,receiver,
701527e00d8c,udp_receive,1784546125.947942,2329135.629506,receiver,bench_synthetic
701527e00d8c,ui_alert_shown,1784546125.965640,2329135.647205,receiver,
a1b4e67966c2,udp_receive,1784546126.030358,2329135.711921,receiver,bench_synthetic
a1b4e67966c2,ui_alert_shown,1784546126.044898,2329135.726462,receiver,
33e1a3c8e4ae,udp_receive,1784546126.106553,2329135.788117,receiver,bench_synthetic
33e1a3c8e4ae,ui_alert_shown,1784546126.133696,2329135.815261,receiver,
5f77c79aa544,udp_receive,1784546126.193257,2329135.874822,receiver,lane_change
5f77c79aa544,ui_alert_shown,1784546126.215044,2329135.896609,receiver,
1b429b5bfc43,udp_receive,1784546126.275284,2329135.956848,receiver,bench_synthetic
1b429b5bfc43,ui_alert_shown,1784546126.296571,2329135.978135,receiver,
6ce2c1cbbeba,udp_receive,1784546126.364312,2329136.045877,receiver,bench_synthetic
6ce2c1cbbeba,ui_alert_shown,1784546126.383291,2329136.064855,receiver,
f1b920a1d81c,udp_receive,1784546126.444655,2329136.126220,receiver,bench_synthetic
f1b920a1d81c,ui_alert_shown,1784546126.463022,2329136.144586,receiver,
228883fe815d,udp_receive,1784546126.527711,2329136.209275,receiver,bench_synthetic
228883fe815d,ui_alert_shown,1784546126.542848,2329136.224413,receiver,
13d53b345438,udp_receive,1784546126.610435,2329136.291999,receiver,bench_synthetic
13d53b345438,ui_alert_shown,1784546126.629496,2329136.311061,receiver,
25dff99ef65c,udp_receive,1784546126.692501,2329136.374065,receiver,bench_synthetic
25dff99ef65c,ui_alert_shown,1784546126.710434,2329136.391999,receiver,
d8f458520c65,udp_receive,1784546126.776394,2329136.457958,receiver,bench_synthetic
d8f458520c65,ui_alert_shown,1784546126.791427,2329136.472992,receiver,
b4cde5bcae66,udp_receive,1784546126.864045,2329136.545609,receiver,bench_synthetic
b4cde5bcae66,ui_alert_shown,1784546126.895784,2329136.577350,receiver,
faa00540fd10,udp_receive,1784546126.952917,2329136.634481,receiver,bench_synthetic
faa00540fd10,ui_alert_shown,1784546126.977663,2329136.659227,receiver,
3f9ae87f017c,udp_receive,1784546127.038683,2329136.720248,receiver,bench_synthetic
3f9ae87f017c,ui_alert_shown,1784546127.060465,2329136.742030,receiver,
ed62fbdb3319,udp_receive,1784546127.121855,2329136.803419,receiver,bench_synthetic
ed62fbdb3319,ui_alert_shown,1784546127.146330,2329136.827895,receiver,
201c82ddba88,udp_receive,1784546127.208237,2329136.889802,receiver,bench_synthetic
201c82ddba88,ui_alert_shown,1784546127.229589,2329136.911155,receiver,
e1badefda50f,udp_receive,1784546127.292628,2329136.974192,receiver,bench_synthetic
e1badefda50f,ui_alert_shown,1784546127.310808,2329136.992373,receiver,
28bdbee582d0,udp_receive,1784546127.379594,2329137.061159,receiver,bench_synthetic
28bdbee582d0,ui_alert_shown,1784546127.395520,2329137.077084,receiver,
883cc4e99eda,udp_receive,1784546127.461866,2329137.143430,receiver,bench_synthetic
883cc4e99eda,ui_alert_shown,1784546127.478612,2329137.160177,receiver,
e550185ccfd9,udp_receive,1784546127.554357,2329137.235921,receiver,bench_synthetic
e550185ccfd9,ui_alert_shown,1784546127.574496,2329137.256061,receiver,
5dd15212a2ed,udp_receive,1784546127.636749,2329137.318313,receiver,bench_synthetic
5dd15212a2ed,ui_alert_shown,1784546127.656423,2329137.337988,receiver,
3219084c2a41,udp_receive,1784546127.721090,2329137.402654,receiver,bench_synthetic
3219084c2a41,ui_alert_shown,1784546127.739746,2329137.421311,receiver,
bf900be59f5e,udp_receive,1784546127.798735,2329137.480300,receiver,bench_synthetic
bf900be59f5e,ui_alert_shown,1784546127.824398,2329137.505962,receiver,
14d6ef4c4b59,udp_receive,1784546127.878023,2329137.559587,receiver,bench_synthetic
14d6ef4c4b59,ui_alert_shown,1784546127.894038,2329137.575603,receiver,
2d885e03c66d,udp_receive,1784546127.958225,2329137.639789,receiver,bench_synthetic
2d885e03c66d,ui_alert_shown,1784546127.976684,2329137.658248,receiver,
7681754a7fcd,udp_receive,1784546128.043558,2329137.725122,receiver,bench_synthetic
7681754a7fcd,ui_alert_shown,1784546128.059249,2329137.740814,receiver,
4aac0aeb11fa,udp_receive,1784546128.123893,2329137.805457,receiver,bench_synthetic
4aac0aeb11fa,ui_alert_shown,1784546128.142043,2329137.823608,receiver,
8765841fa308,udp_receive,1784546128.206395,2329137.887959,receiver,bench_synthetic
8765841fa308,ui_alert_shown,1784546128.222708,2329137.904273,receiver,
04b1315c28dd,udp_receive,1784546128.288329,2329137.969893,receiver,bench_synthetic
04b1315c28dd,ui_alert_shown,1784546128.307992,2329137.989557,receiver,
4bba5791a59a,udp_receive,1784546128.369556,2329138.051121,receiver,bench_synthetic
4bba5791a59a,ui_alert_shown,1784546128.387914,2329138.069479,receiver,
8e70d3a0c5de,udp_receive,1784546128.449705,2329138.131269,receiver,bench_synthetic
8e70d3a0c5de,ui_alert_shown,1784546128.471666,2329138.153230,receiver,
ebba1289a0d8,udp_receive,1784546128.529952,2329138.211516,receiver,bench_synthetic
ebba1289a0d8,ui_alert_shown,1784546128.556314,2329138.237879,receiver,
bb38a362346b,udp_receive,1784546128.612539,2329138.294103,receiver,bench_synthetic
bb38a362346b,ui_alert_shown,1784546128.638623,2329138.320188,receiver,
0a1ee86a264c,udp_receive,1784546128.690405,2329138.371969,receiver,bench_synthetic
0a1ee86a264c,ui_alert_shown,1784546128.703857,2329138.385421,receiver,
a1e3746a8ba2,udp_receive,1784546128.772080,2329138.453644,receiver,bench_synthetic
a1e3746a8ba2,ui_alert_shown,1784546128.788774,2329138.470339,receiver,
ef09ce1712e9,udp_receive,1784546128.855858,2329138.537422,receiver,bench_synthetic
ef09ce1712e9,ui_alert_shown,1784546128.870094,2329138.551659,receiver,
83efacf50721,udp_receive,1784546128.933935,2329138.615500,receiver,bench_synthetic
83efacf50721,ui_alert_shown,1784546128.955328,2329138.636893,receiver,
f35d0eb9f5e7,udp_receive,1784546129.020794,2329138.702358,receiver,bench_synthetic
f35d0eb9f5e7,ui_alert_shown,1784546129.038254,2329138.719818,receiver,
8b70fc8f3de8,udp_receive,1784546129.103324,2329138.784889,receiver,bench_synthetic
8b70fc8f3de8,ui_alert_shown,1784546129.117864,2329138.799429,receiver,
4e5e68d28a81,udp_receive,1784546129.184983,2329138.866547,receiver,bench_synthetic
4e5e68d28a81,ui_alert_shown,1784546129.200083,2329138.881648,receiver,
cecb4f6541b7,udp_receive,1784546129.266992,2329138.948557,receiver,bench_synthetic
cecb4f6541b7,ui_alert_shown,1784546129.281902,2329138.963467,receiver,
72e81460c094,udp_receive,1784546129.356534,2329139.038098,receiver,bench_synthetic
72e81460c094,ui_alert_shown,1784546129.383026,2329139.064591,receiver,
0ae77e91adeb,udp_receive,1784546129.435014,2329139.116579,receiver,bench_synthetic
0ae77e91adeb,ui_alert_shown,1784546129.451796,2329139.133361,receiver,
71adc5fa59c2,udp_receive,1784546129.519235,2329139.200800,receiver,bench_synthetic
71adc5fa59c2,ui_alert_shown,1784546129.533298,2329139.214863,receiver,
8ef7de5fdeb2,udp_receive,1784546129.603987,2329139.285551,receiver,bench_synthetic
8ef7de5fdeb2,ui_alert_shown,1784546129.619360,2329139.300925,receiver,
c4fafcd5e18c,udp_receive,1784546129.684107,2329139.365671,receiver,bench_synthetic
c4fafcd5e18c,ui_alert_shown,1784546129.697606,2329139.379171,receiver,
8c1f718df47e,udp_receive,1784546129.758676,2329139.440240,receiver,bench_synthetic
8c1f718df47e,ui_alert_shown,1784546129.780911,2329139.462476,receiver,
8999417152d2,udp_receive,1784546129.844792,2329139.526356,receiver,bench_synthetic
8999417152d2,ui_alert_shown,1784546129.864841,2329139.546405,receiver,
da43f618bcaa,udp_receive,1784546129.931342,2329139.612906,receiver,bench_synthetic
da43f618bcaa,ui_alert_shown,1784546129.950207,2329139.631772,receiver,
ab4f3a4fb2e2,udp_receive,1784546130.010980,2329139.692544,receiver,bench_synthetic
ab4f3a4fb2e2,ui_alert_shown,1784546130.032654,2329139.714218,receiver,
0aef5d7956d1,udp_receive,1784546130.087911,2329139.769476,receiver,bench_synthetic
0aef5d7956d1,ui_alert_shown,1784546130.117036,2329139.798600,receiver,
febc6ed88de6,udp_receive,1784546130.169933,2329139.851497,receiver,bench_synthetic
febc6ed88de6,ui_alert_shown,1784546130.196945,2329139.878510,receiver,
42b6565c8cc8,udp_receive,1784546130.255236,2329139.936800,receiver,bench_synthetic
42b6565c8cc8,ui_alert_shown,1784546130.279930,2329139.961495,receiver,
d62553942aa9,udp_receive,1784546130.339321,2329140.020885,receiver,bench_synthetic
d62553942aa9,ui_alert_shown,1784546130.368222,2329140.049787,receiver,
a8efe4c3f051,udp_receive,1784546130.434668,2329140.116232,receiver,bench_synthetic
a8efe4c3f051,ui_alert_shown,1784546130.451557,2329140.133123,receiver,
02dcfa8d9db9,udp_receive,1784546130.516814,2329140.198378,receiver,bench_synthetic
02dcfa8d9db9,ui_alert_shown,1784546130.531997,2329140.213562,receiver,
1f6cd5ce48b2,udp_receive,1784546130.606283,2329140.287847,receiver,bench_synthetic
1f6cd5ce48b2,ui_alert_shown,1784546130.631843,2329140.313407,receiver,
ecb199892d9d,udp_receive,1784546130.697161,2329140.378726,receiver,bench_synthetic
ecb199892d9d,ui_alert_shown,1784546130.716166,2329140.397731,receiver,
b05c392b4a3b,udp_receive,1784546130.780665,2329140.462229,receiver,bench_synthetic
b05c392b4a3b,ui_alert_shown,1784546130.798007,2329140.479572,receiver,
c9ee050a7bf5,udp_receive,1784546130.865057,2329140.546621,receiver,bench_synthetic
c9ee050a7bf5,ui_alert_shown,1784546130.882143,2329140.563708,receiver,
7cfb6cbb3540,udp_receive,1784546130.957178,2329140.638743,receiver,bench_synthetic
7cfb6cbb3540,ui_alert_shown,1784546130.983183,2329140.664749,receiver,
83a81518033b,udp_receive,1784546131.050668,2329140.732233,receiver,bench_synthetic
83a81518033b,ui_alert_shown,1784546131.070389,2329140.751954,receiver,
9263e6940b85,udp_receive,1784546131.136065,2329140.817630,receiver,bench_synthetic
9263e6940b85,ui_alert_shown,1784546131.151937,2329140.833502,receiver,
1be0f8fa6ca7,udp_receive,1784546131.221345,2329140.902910,receiver,bench_synthetic
1be0f8fa6ca7,ui_alert_shown,1784546131.239947,2329140.921512,receiver,
62958a5dcd61,udp_receive,1784546131.319831,2329141.001395,receiver,bench_synthetic
62958a5dcd61,ui_alert_shown,1784546131.341966,2329141.023531,receiver,
b734ff9dfad2,udp_receive,1784546131.411496,2329141.093061,receiver,bench_synthetic
b734ff9dfad2,ui_alert_shown,1784546131.436402,2329141.117967,receiver,
c00920551b9e,udp_receive,1784546131.496782,2329141.178346,receiver,bench_synthetic
c00920551b9e,ui_alert_shown,1784546131.517930,2329141.199494,receiver,
091b96aef263,udp_receive,1784546131.582673,2329141.264238,receiver,bench_synthetic
091b96aef263,ui_alert_shown,1784546131.602772,2329141.284337,receiver,
835ab72dceaf,udp_receive,1784546131.665946,2329141.347511,receiver,bench_synthetic
835ab72dceaf,ui_alert_shown,1784546131.687123,2329141.368688,receiver,
c6cfc0c558c4,udp_receive,1784546131.758479,2329141.440043,receiver,bench_synthetic
c6cfc0c558c4,ui_alert_shown,1784546131.784516,2329141.466081,receiver,
14088de1afff,udp_receive,1784546131.845526,2329141.527091,receiver,bench_synthetic
14088de1afff,ui_alert_shown,1784546131.867014,2329141.548579,receiver,
36ff18407de2,udp_receive,1784546131.932381,2329141.613946,receiver,bench_synthetic
36ff18407de2,ui_alert_shown,1784546131.950912,2329141.632476,receiver,
e8006ed57176,udp_receive,1784546132.012670,2329141.694233,receiver,bench_synthetic
e8006ed57176,ui_alert_shown,1784546132.034337,2329141.715902,receiver,
0a44cc7bc978,udp_receive,1784546132.103633,2329141.785197,receiver,bench_synthetic
0a44cc7bc978,ui_alert_shown,1784546132.116615,2329141.798179,receiver,
e370c9228933,udp_receive,1784546132.181701,2329141.863265,receiver,bench_synthetic
e370c9228933,ui_alert_shown,1784546132.199930,2329141.881495,receiver,
88a0da8a1d82,udp_receive,1784546132.269043,2329141.950607,receiver,bench_synthetic
88a0da8a1d82,ui_alert_shown,1784546132.281955,2329141.963519,receiver,
a7fb0b0460a3,udp_receive,1784546132.352408,2329142.033972,receiver,bench_synthetic
a7fb0b0460a3,ui_alert_shown,1784546132.363089,2329142.044653,receiver,
89096b8d3a97,udp_receive,1784546132.438425,2329142.119989,receiver,bench_synthetic
89096b8d3a97,ui_alert_shown,1784546132.463212,2329142.144776,receiver,
07920def6461,udp_receive,1784546132.523317,2329142.204882,receiver,bench_synthetic
07920def6461,ui_alert_shown,1784546132.544438,2329142.226003,receiver,
14ddc1da6c79,udp_receive,1784546132.606512,2329142.288076,receiver,bench_synthetic
14ddc1da6c79,ui_alert_shown,1784546132.628534,2329142.310098,receiver,
837d19e0a88c,udp_receive,1784546132.691489,2329142.373053,receiver,bench_synthetic
837d19e0a88c,ui_alert_shown,1784546132.710069,2329142.391635,receiver,
916ce2e516fe,udp_receive,1784546132.770985,2329142.452549,receiver,bench_synthetic
916ce2e516fe,ui_alert_shown,1784546132.793588,2329142.475153,receiver,
0cef3e93c1c5,udp_receive,1784546132.855976,2329142.537541,receiver,bench_synthetic
0cef3e93c1c5,ui_alert_shown,1784546132.877090,2329142.558654,receiver,
