file,type,t_start,t_end,dur_s,area_ratio_max,area_ratio_mean,conf,cls,cx,cy,stage,frame_png
20260719-17h35m30s_N.avi,d_person,53.0,53.0,0.0,1,1.0,0.395,,0.0,0.0,1,
20260719-17h35m30s_N.avi,d_person,56.5,56.5,0.0,1,1.0,0.442,,0.0,0.0,1,
20260719-17h37m28s_N.avi,d_person,1.0,1.0,0.0,1,1.0,0.479,,0.0,0.0,1,
20260719-17h37m28s_N.avi,d_person,25.5,26.0,0.5,1,1.0,0.496,,0.0,0.0,1,
20260719-17h38m27s_N.avi,c_brake,55.5,58.0,2.5,0.5058,0.4396,0.886,,0.0,0.0,1,
20260719-17h38m27s_N.avi,d_person,24.5,24.5,0.0,1,1.0,0.587,,0.0,0.0,1,
20260719-17h38m27s_N.avi,d_person,25.5,26.5,1.0,1,1.0,0.734,,0.0,0.0,1,
20260719-17h40m44s_N.avi,d_person,36.5,36.5,0.0,1,1.0,0.372,,0.0,0.0,1,
20260719-17h42m43s_N.avi,c_brake_near,39.5,39.5,0.0,0.0592,0.0592,0.0,,0.0,0.0,1,
20260719-17h43m43s_N.avi,c_brake_near,4.5,4.5,0.0,0.052,0.052,0.0,,0.0,0.0,1,
20260719-17h47m20s_N.avi,d_person,35.0,35.0,0.0,1,1.0,0.488,,0.0,0.0,1,
20260719-17h47m20s_N.avi,d_person,54.5,54.5,0.0,1,1.0,0.368,,0.0,0.0,1,
20260719-17h48m46s_N.avi,c_brake,16.0,16.0,0.0,0.119,0.119,0.557,,0.0,0.0,1,
20260719-17h48m46s_N.avi,d_person,29.0,29.0,0.0,1,1.0,0.494,,0.0,0.0,1,
20260719-17h48m46s_N.avi,d_person,51.0,51.0,0.0,1,1.0,0.361,,0.0,0.0,1,
20260719-17h51m12s_N.avi,d_person,5.0,5.0,0.0,1,1.0,0.414,,0.0,0.0,1,
20260719-17h51m12s_N.avi,d_person,36.0,37.0,1.0,1,1.0,0.391,,0.0,0.0,1,
20260719-17h51m12s_N.avi,d_person,38.5,38.5,0.0,1,1.0,0.351,,0.0,0.0,1,
20260719-17h51m12s_N.avi,d_person,43.0,43.5,0.5,1,1.0,0.506,,0.0,0.0,1,
20260719-17h51m12s_N.avi,d_person,47.0,49.5,2.5,1,1.0,0.62,,0.0,0.0,1,
20260719-17h51m12s_N.avi,d_person,50.5,50.5,0.0,1,1.0,0.391,,0.0,0.0,1,
20260719-17h52m11s_N.avi,d_person,0.0,0.0,0.0,1,1.0,0.426,,0.0,0.0,1,
20260719-17h52m11s_N.avi,d_person,3.0,4.0,1.0,2,1.3333,0.572,,0.0,0.0,1,
20260719-17h52m11s_N.avi,d_person,11.0,12.5,1.5,1,1.0,0.693,,0.0,0.0,1,
20260719-17h52m11s_N.avi,d_person,14.0,24.0,10.0,3,1.2857,0.849,,0.0,0.0,1,
20260719-17h53m11s_N.avi,c_brake_near,58.5,59.5,1.0,0.069,0.067,0.0,,0.0,0.0,1,
20260719-17h53m11s_N.avi,d_person,0.0,0.0,0.0,1,1.0,0.387,,0.0,0.0,1,
20260719-17h53m11s_N.avi,d_person,11.0,16.5,5.5,1,1.0,0.848,,0.0,0.0,1,
20260719-17h53m11s_N.avi,d_person,25.0,28.5,3.5,4,2.0,0.868,,0.0,0.0,1,
20260719-17h53m11s_N.avi,d_person,30.0,35.5,5.5,2,1.5833,0.73,,0.0,0.0,1,
20260719-17h53m11s_N.avi,d_person,38.5,38.5,0.0,1,1.0,0.391,,0.0,0.0,1,
20260719-17h53m11s_N.avi,d_person,40.0,40.5,0.5,2,2.0,0.626,,0.0,0.0,1,
20260719-17h53m11s_N.avi,d_person,41.5,42.5,1.0,2,1.3333,0.816,,0.0,0.0,1,
20260719-17h53m11s_N.avi,d_person,44.0,44.0,0.0,1,1.0,0.462,,0.0,0.0,1,
20260719-17h53m11s_N.avi,d_person,45.0,47.5,2.5,3,2.0,0.729,,0.0,0.0,1,
20260719-17h53m11s_N.avi,d_person,48.5,48.5,0.0,1,1.0,0.357,,0.0,0.0,1,
20260719-17h53m11s_N.avi,d_person,50.5,50.5,0.0,2,2.0,0.409,,0.0,0.0,1,
20260719-17h53m11s_N.avi,d_person,51.5,51.5,0.0,1,1.0,0.353,,0.0,0.0,1,
20260719-17h53m11s_N.avi,d_person,52.5,59.5,7.0,5,2.2667,0.854,,0.0,0.0,1,
20260719-17h54m11s_N.avi,c_brake,5.5,5.5,0.0,0.0873,0.0873,0.354,,0.0,0.0,1,
20260719-17h54m11s_N.avi,c_brake_near,0.0,4.5,4.5,0.0783,0.0681,0.0,,0.0,0.0,1,
20260719-17h54m11s_N.avi,d_person,0.0,1.5,1.5,1,1.0,0.636,,0.0,0.0,1,
20260719-17h54m11s_N.avi,d_person,2.5,37.0,34.5,5,1.6429,0.899,,0.0,0.0,1,
20260719-17h54m11s_N.avi,d_person,39.5,44.0,4.5,5,2.4,0.765,,0.0,0.0,1,
20260719-17h54m11s_N.avi,d_person,46.0,46.0,0.0,1,1.0,0.365,,0.0,0.0,1,
20260719-17h55m21s_N.avi,c_brake_near,3.0,3.0,0.0,0.0588,0.0588,0.0,,0.0,0.0,1,
20260719-17h55m21s_N.avi,c_brake_near,36.5,38.0,1.5,0.0708,0.0644,0.0,,0.0,0.0,1,
20260719-17h55m21s_N.avi,d_person,2.0,4.5,2.5,1,1.0,0.8,,0.0,0.0,1,
20260719-17h56m20s_N.avi,d_person,21.0,21.0,0.0,1,1.0,0.358,,0.0,0.0,1,
20260719-17h57m20s_N.avi,d_person,22.5,24.5,2.0,2,1.2,0.827,,0.0,0.0,1,
20260719-18h11m02s_N.avi,d_person,0.0,0.0,0.0,1,1.0,0.414,,0.0,0.0,1,
20260719-18h11m02s_N.avi,d_person,1.5,21.0,19.5,7,2.125,0.861,,0.0,0.0,1,
20260719-18h11m02s_N.avi,d_person,23.5,36.0,12.5,3,1.6923,0.819,,0.0,0.0,1,
20260719-18h11m02s_N.avi,d_person,37.0,37.0,0.0,2,2.0,0.512,,0.0,0.0,1,
20260719-18h11m02s_N.avi,d_person,38.5,38.5,0.0,1,1.0,0.585,,0.0,0.0,1,
20260719-18h11m02s_N.avi,d_person,42.0,42.0,0.0,1,1.0,0.4,,0.0,0.0,1,
20260719-18h11m02s_N.avi,d_person,47.5,47.5,0.0,1,1.0,0.365,,0.0,0.0,1,
20260719-18h11m02s_N.avi,d_person,57.5,57.5,0.0,1,1.0,0.552,,0.0,0.0,1,
20260719-18h12m03s_N.avi,c_brake_near,30.5,30.5,0.0,0.0502,0.0502,0.0,,0.0,0.0,1,
20260719-18h12m03s_N.avi,c_brake_near,32.0,34.5,2.5,0.0527,0.0513,0.0,,0.0,0.0,1,
20260719-18h12m03s_N.avi,c_brake_near,36.5,37.5,1.0,0.0508,0.0504,0.0,,0.0,0.0,1,
20260719-18h12m03s_N.avi,c_brake_near,38.5,38.5,0.0,0.0501,0.0501,0.0,,0.0,0.0,1,
20260719-18h12m03s_N.avi,c_brake_near,45.5,45.5,0.0,0.0501,0.0501,0.0,,0.0,0.0,1,
20260719-18h12m03s_N.avi,c_brake_near,51.5,52.5,1.0,0.0508,0.0505,0.0,,0.0,0.0,1,
20260719-18h12m03s_N.avi,c_brake_near,54.5,54.5,0.0,0.0504,0.0504,0.0,,0.0,0.0,1,
20260719-18h12m03s_N.avi,c_brake_near,57.5,57.5,0.0,0.05,0.05,0.0,,0.0,0.0,1,
20260719-18h12m03s_N.avi,d_person,8.5,8.5,0.0,1,1.0,0.463,,0.0,0.0,1,
20260719-18h12m03s_N.avi,d_person,10.5,10.5,0.0,1,1.0,0.505,,0.0,0.0,1,
20260719-18h12m03s_N.avi,d_person,16.5,17.0,0.5,2,1.5,0.515,,0.0,0.0,1,
20260719-18h13m03s_N.avi,d_person,1.5,1.5,0.0,1,1.0,0.722,,0.0,0.0,1,
20260719-18h13m03s_N.avi,d_person,8.5,8.5,0.0,1,1.0,0.528,,0.0,0.0,1,
20260719-18h13m03s_N.avi,d_person,14.5,14.5,0.0,2,2.0,0.526,,0.0,0.0,1,
20260719-18h13m03s_N.avi,d_person,32.0,32.0,0.0,1,1.0,0.539,,0.0,0.0,1,
20260719-18h13m03s_N.avi,d_person,34.0,34.0,0.0,3,3.0,0.535,,0.0,0.0,1,
20260719-18h13m03s_N.avi,d_person,35.0,35.0,0.0,1,1.0,0.424,,0.0,0.0,1,
20260719-18h13m03s_N.avi,d_person,55.5,55.5,0.0,2,2.0,0.527,,0.0,0.0,1,
20260719-18h13m03s_N.avi,d_person,56.5,56.5,0.0,1,1.0,0.561,,0.0,0.0,1,
20260719-18h13m03s_N.avi,d_person,57.5,57.5,0.0,1,1.0,0.365,,0.0,0.0,1,
20260719-18h13m03s_N.avi,d_person,58.5,58.5,0.0,1,1.0,0.687,,0.0,0.0,1,
20260719-18h14m03s_N.avi,c_brake,54.5,56.0,1.5,0.1044,0.0941,0.877,,0.0,0.0,1,
20260719-18h14m03s_N.avi,d_person,1.0,1.0,0.0,1,1.0,0.351,,0.0,0.0,1,
20260719-18h14m03s_N.avi,d_person,2.0,2.0,0.0,1,1.0,0.377,,0.0,0.0,1,
20260719-18h14m03s_N.avi,d_person,4.5,4.5,0.0,1,1.0,0.433,,0.0,0.0,1,
20260719-18h14m03s_N.avi,d_person,13.5,13.5,0.0,1,1.0,0.459,,0.0,0.0,1,
20260719-18h14m03s_N.avi,d_person,15.5,15.5,0.0,1,1.0,0.579,,0.0,0.0,1,
20260719-18h14m03s_N.avi,d_person,20.5,20.5,0.0,1,1.0,0.445,,0.0,0.0,1,
20260719-18h14m03s_N.avi,d_person,30.0,32.5,2.5,2,1.3333,0.5,,0.0,0.0,1,
20260719-18h14m03s_N.avi,d_person,33.5,35.5,2.0,2,1.4,0.527,,0.0,0.0,1,
20260719-18h14m03s_N.avi,d_person,37.0,37.0,0.0,1,1.0,0.361,,0.0,0.0,1,
20260719-18h14m03s_N.avi,d_person,38.0,38.0,0.0,2,2.0,0.467,,0.0,0.0,1,
20260719-18h14m03s_N.avi,d_person,39.0,40.0,1.0,1,1.0,0.561,,0.0,0.0,1,
20260719-18h14m03s_N.avi,d_person,48.5,48.5,0.0,1,1.0,0.612,,0.0,0.0,1,
20260719-18h14m03s_N.avi,d_person,49.5,49.5,0.0,1,1.0,0.376,,0.0,0.0,1,
20260719-18h14m03s_N.avi,d_person,55.5,55.5,0.0,1,1.0,0.392,,0.0,0.0,1,
20260719-18h14m03s_N.avi,d_person,59.0,59.5,0.5,1,1.0,0.477,,0.0,0.0,1,
20260719-18h15m03s_N.avi,c_brake_near,35.0,35.0,0.0,0.0505,0.0505,0.0,,0.0,0.0,1,
20260719-18h15m03s_N.avi,d_person,2.0,4.0,2.0,2,1.2,0.731,,0.0,0.0,1,
20260719-18h15m03s_N.avi,d_person,45.5,46.0,0.5,1,1.0,0.446,,0.0,0.0,1,
20260719-18h16m03s_N.avi,c_brake_near,44.0,44.0,0.0,0.0633,0.0633,0.0,,0.0,0.0,1,
20260719-18h16m03s_N.avi,d_person,11.0,11.0,0.0,1,1.0,0.525,,0.0,0.0,1,
20260719-18h16m03s_N.avi,d_person,34.5,34.5,0.0,1,1.0,0.354,,0.0,0.0,1,
20260719-18h16m03s_N.avi,d_person,41.0,41.0,0.0,1,1.0,0.367,,0.0,0.0,1,
20260719-22h21m21s_N.avi,d_person,4.5,4.5,0.0,1,1.0,0.517,,0.0,0.0,1,
20260719-22h21m21s_N.avi,d_person,33.5,33.5,0.0,1,1.0,0.38,,0.0,0.0,1,
20260719-22h21m21s_N.avi,d_person,34.5,35.5,1.0,1,1.0,0.758,,0.0,0.0,1,
20260719-22h21m21s_N.avi,d_person,36.5,36.5,0.0,1,1.0,0.576,,0.0,0.0,1,
20260719-22h21m21s_N.avi,d_person,47.5,48.5,1.0,1,1.0,0.448,,0.0,0.0,1,
20260719-22h21m21s_N.avi,d_person,54.5,54.5,0.0,1,1.0,0.527,,0.0,0.0,1,
20260719-22h22m20s_N.avi,c_brake_near,21.0,21.0,0.0,0.0633,0.0633,0.0,,0.0,0.0,1,
20260719-22h22m20s_N.avi,d_person,15.0,15.0,0.0,1,1.0,0.362,,0.0,0.0,1,
20260719-22h22m20s_N.avi,d_person,46.0,46.5,0.5,1,1.0,0.377,,0.0,0.0,1,
20260719-22h22m20s_N.avi,d_person,47.5,48.0,0.5,2,1.5,0.739,,0.0,0.0,1,
20260719-22h22m20s_N.avi,d_person,55.5,55.5,0.0,1,1.0,0.545,,0.0,0.0,1,
20260719-22h22m20s_N.avi,d_person,57.5,57.5,0.0,1,1.0,0.436,,0.0,0.0,1,
