bin_lower_s,bin_upper_s,bin_mid_s,count_no_device,count_with_device
0.000000,0.168938,0.084469,0,0
0.168938,0.337877,0.253408,0,0
0.337877,0.506815,0.422346,0,0
0.506815,0.675754,0.591284,0,18
0.675754,0.844692,0.760223,0,29
0.844692,1.013630,0.929161,0,26
1.013630,1.182569,1.098100,0,26
1.182569,1.351507,1.267038,0,1
1.351507,1.520446,1.435976,2,0
1.520446,1.689384,1.604915,9,0
1.689384,1.858322,1.773853,3,0
1.858322,2.027261,1.942792,10,0
2.027261,2.196199,2.111730,8,0
2.196199,2.365138,2.280668,9,0
2.365138,2.534076,2.449607,7,0
2.534076,2.703014,2.618545,8,0
2.703014,2.871953,2.787484,7,0
2.871953,3.040891,2.956422,6,0
3.040891,3.209830,3.125360,10,0
3.209830,3.378768,3.294299,5,0
3.378768,3.547706,3.463237,5,0
3.547706,3.716645,3.632176,7,0
3.716645,3.885583,3.801114,4,0
3.885583,4.054522,3.970052,0,0
