trial,stop_distance_m_no_device,stop_distance_m_with_device
1,64.846102,40.211897
2,59.833333,42.623850
3,54.659251,44.416793
4,61.538128,35.161034
5,59.946128,52.983513
6,62.901865,45.570384
7,54.253625,35.415941
8,54.344957,46.732595
9,46.253988,32.231514
10,63.336115,44.662888
11,55.628978,41.669990
12,53.912560,40.701836
13,52.066840,31.687984
14,59.506164,44.853999
15,51.208811,32.698880
16,61.788935,34.278932
17,57.929010,33.897270
18,58.875347,46.076269
19,56.997911,33.480029
20,59.592213,51.944606
21,59.527030,46.629619
22,58.841271,34.097572
23,52.189536,32.051764
24,57.166667,34.870556
25,50.563240,45.034223
26,55.500000,46.169296
27,48.385690,39.818691
28,49.197079,45.746979
29,48.905905,36.057545
30,59.205802,41.907377
31,52.535631,49.845577
32,66.278294,40.348549
33,57.500000,44.751408
34,53.857427,49.335165
35,58.166667,30.063204
36,47.628742,37.220630
37,63.129710,30.406420
38,56.371246,42.115106
39,60.498083,38.470261
40,50.684288,46.432642
41,56.302676,41.171230
42,58.048350,40.775430
43,65.148342,46.635474
44,57.381056,36.890457
45,57.902712,39.909825
46,54.282613,46.127278
47,53.644581,53.579916
48,56.343926,38.177945
49,56.725151,35.533344
50,47.463614,36.405339
51,61.152706,35.729984
52,61.666667,42.278110
53,52.292534,43.436296
54,58.509255,36.443121
55,49.957027,34.422950
56,60.842019,35.965867
57,52.955964,51.455546
58,59.018535,42.352207
59,59.225250,43.958113
60,59.919121,42.611055
61,51.106862,45.488724
62,63.604948,30.887446
63,52.702818,43.070838
64,47.963202,32.140320
65,58.333333,42.383310
66,54.987171,41.557880
67,62.691666,44.857310
68,61.196304,49.405554
69,50.132094,33.415035
70,61.919447,44.182380
71,50.599253,41.225977
72,56.731829,36.391240
73,46.866122,33.491849
74,63.142642,33.052855
75,49.639340,32.697922
76,48.425219,32.878946
77,54.972057,43.551852
78,65.888605,40.322006
79,63.492062,40.059287
80,62.088916,40.939883
81,60.278896,38.840564
82,62.520437,41.137176
83,58.699924,43.967268
84,52.496835,36.887080
85,59.623031,32.876908
86,57.975621,44.020489
87,52.688526,41.608386
88,49.943812,41.395499
89,59.638037,36.007220
90,52.928643,44.448411
91,62.827310,44.145321
92,53.130908,37.225026
93,50.333333,42.738903
94,59.942152,39.289482
95,50.323858,38.424638
96,51.998234,39.581800
97,58.000000,42.304930
98,61.478517,38.895531
99,50.273198,37.151840
100,55.832510,38.922890
