trial,condition,reaction_time_s,total_distance_m,bc_collision,ab_collision,t_B_s,t_extra_no_device_s,a_A_m_s2,a_C_m_s2
1,기기 없음,3.585650,64.846102,1,0,1.908581,1.677069,-7.452088,-6.094218
1,기기 있음,1.045297,40.211897,0,0,1.908581,,-7.452088,-6.094218
2,기기 없음,3.746177,59.833333,1,0,1.699707,2.046470,-8.122243,-4.244674
2,기기 있음,0.594187,42.623850,0,0,1.699707,,-8.122243,-4.244674
3,기기 없음,2.417278,54.659251,1,0,1.265870,1.151408,-7.282804,-4.656118
3,기기 있음,0.875248,44.416793,0,0,1.265870,,-7.282804,-4.656118
4,기기 없음,2.442582,61.538128,0,0,1.969176,0.473405,-7.605264,-6.668235
4,기기 있음,0.859956,35.161034,0,0,1.969176,,-7.605264,-6.668235
5,기기 없음,2.005230,59.946128,1,0,1.778751,0.226479,-8.811645,-4.008896
5,기기 있음,1.100301,52.983513,0,0,1.778751,,-8.811645,-4.008896
6,기기 없음,2.353237,62.901865,1,0,1.716890,0.636346,-7.048755,-4.362400
6,기기 있음,0.823960,45.570384,0,0,1.716890,,-7.048755,-4.362400
7,기기 없음,1.899824,54.253625,0,0,1.449362,0.450462,-7.477721,-6.148275
7,기기 있음,0.769563,35.415941,0,0,1.449362,,-7.477721,-6.148275
8,기기 없음,2.759793,54.344957,1,0,1.272242,1.487551,-7.427871,-4.489310
8,기기 있음,0.947694,46.732595,0,0,1.272242,,-7.427871,-4.489310
9,기기 없음,1.527873,46.253988,0,0,1.096391,0.431482,-8.743773,-6.680741
9,기기 있음,0.686524,32.231514,0,0,1.096391,,-8.743773,-6.680741
10,기기 없음,3.064629,63.336115,1,0,1.902602,1.162027,-8.099228,-4.002686
10,기기 있음,0.597838,44.662888,0,0,1.902602,,-8.099228,-4.002686
11,기기 없음,2.974875,55.628978,1,0,1.455776,1.519099,-8.258404,-5.002946
11,기기 있음,0.834514,41.669990,0,0,1.455776,,-8.258404,-5.002946
12,기기 없음,2.506485,53.912560,1,0,1.202363,1.304122,-7.146470,-5.049625
12,기기 있음,0.791823,40.701836,0,0,1.202363,,-7.146470,-5.049625
13,기기 없음,1.885530,52.066840,0,0,1.305957,0.579574,-7.712270,-6.728678
13,기기 있음,0.662799,31.687984,0,0,1.305957,,-7.712270,-6.728678
14,기기 없음,3.307056,59.506164,1,0,1.579220,1.727837,-7.354477,-4.308900
14,기기 있음,0.757258,44.853999,0,0,1.579220,,-7.354477,-4.308900
15,기기 없음,2.736046,51.208811,1,0,1.176773,1.559274,-8.113172,-6.913001
15,기기 있음,0.756475,32.698880,0,0,1.176773,,-8.113172,-6.913001
16,기기 없음,3.460684,61.788935,1,0,1.856614,1.604070,-8.545523,-6.277516
16,기기 있음,0.729247,34.278932,0,0,1.856614,,-8.545523,-6.277516
17,기기 없음,2.207529,57.929010,0,0,1.758520,0.449010,-7.890830,-6.570934
17,기기 있음,0.765625,33.897270,0,0,1.758520,,-7.890830,-6.570934
18,기기 없음,2.154595,58.875347,1,0,1.719463,0.435132,-8.872365,-4.669696
18,기기 있음,0.980020,46.076269,0,0,1.719463,,-8.872365,-4.669696
19,기기 없음,3.394462,56.997911,1,0,1.432093,1.962369,-7.344738,-6.405387
19,기기 있음,0.707814,33.480029,0,0,1.432093,,-7.344738,-6.405387
20,기기 없음,2.582707,59.592213,1,0,1.627309,0.955399,-7.736671,-4.268085
20,기기 있음,1.164201,51.944606,0,0,1.627309,,-7.736671,-4.268085
21,기기 없음,2.355900,59.527030,1,0,1.584098,0.771803,-7.483825,-5.031193
21,기기 있음,1.141444,46.629619,0,0,1.584098,,-7.483825,-5.031193
22,기기 없음,2.778156,58.841271,1,0,1.649847,1.128310,-8.290948,-6.891512
22,기기 있음,0.836637,34.097572,0,0,1.649847,,-8.290948,-6.891512
23,기기 없음,2.543886,52.189536,1,0,1.084444,1.459442,-7.058604,-6.983710
23,기기 있음,0.729853,32.051764,0,0,1.084444,,-7.058604,-6.983710
24,기기 없음,3.431492,57.166667,1,0,1.415807,2.015684,-7.213758,-6.845026
24,기기 있음,0.874804,34.870556,0,0,1.415807,,-7.213758,-6.845026
25,기기 없음,1.785862,50.563240,1,0,1.041614,0.744248,-7.443233,-5.182224
25,기기 있음,1.093992,45.034223,0,0,1.041614,,-7.443233,-5.182224
26,기기 없음,3.451127,55.500000,1,0,1.493991,1.957136,-8.610723,-4.595555
26,기기 있음,0.956811,46.169296,0,0,1.493991,,-8.610723,-4.595555
27,기기 없음,1.577094,48.385690,0,0,1.329861,0.247233,-8.066558,-6.284342
27,기기 있음,1.063074,39.818691,0,0,1.329861,,-8.066558,-6.284342
28,기기 없음,2.399400,49.197079,1,0,1.144524,1.254876,-8.912392,-4.451773
28,기기 있음,0.872906,45.746979,0,0,1.144524,,-8.912392,-4.451773
29,기기 없음,2.507956,48.905905,1,0,1.103403,1.404553,-8.691421,-6.828304
29,기기 있음,0.943042,36.057545,0,0,1.103403,,-8.691421,-6.828304
30,기기 없음,1.988850,59.205802,1,0,1.587645,0.401205,-7.633902,-4.597108
30,기기 있음,0.701709,41.907377,0,0,1.587645,,-7.633902,-4.597108
31,기기 없음,1.637238,52.535631,1,0,1.170593,0.466645,-7.510476,-4.216614
31,기기 있음,1.014425,49.845577,0,0,1.170593,,-7.510476,-4.216614
32,기기 없음,2.921437,66.278294,1,0,1.925120,0.996317,-7.064981,-4.683675
32,기기 있음,0.641683,40.348549,0,0,1.925120,,-7.064981,-4.683675
33,기기 없음,3.616902,57.500000,1,0,1.581061,2.035841,-8.348349,-4.905638
33,기기 있음,0.986359,44.751408,0,0,1.581061,,-8.348349,-4.905638
34,기기 없음,2.679351,53.857427,1,0,1.346870,1.332481,-8.259081,-4.486059
34,기기 있음,1.102503,49.335165,0,0,1.346870,,-8.259081,-4.486059
35,기기 없음,3.563660,58.166667,1,0,1.590915,1.972744,-8.060888,-6.879546
35,기기 있음,0.592472,30.063204,0,0,1.590915,,-8.060888,-6.879546
36,기기 없음,2.751090,47.628742,1,0,1.022804,1.728286,-8.621057,-6.394654
36,기기 있음,0.930066,37.220630,0,0,1.022804,,-8.621057,-6.394654
37,기기 없음,3.046584,63.129710,1,0,1.958559,1.088025,-8.740157,-6.625229
37,기기 있음,0.566567,30.406420,0,0,1.958559,,-8.740157,-6.625229
38,기기 없음,3.173354,56.371246,1,0,1.482303,1.691051,-8.048590,-5.486407
38,기기 있음,1.008001,42.115106,0,0,1.482303,,-8.048590,-5.486407
39,기기 없음,2.016625,60.498083,1,0,1.782735,0.233890,-8.546181,-4.764436
39,기기 있음,0.559145,38.470261,0,0,1.782735,,-8.546181,-4.764436
40,기기 없음,1.490104,50.684288,1,0,1.082730,0.407374,-7.660372,-5.109964
40,기기 있음,1.155158,46.432642,0,0,1.082730,,-7.660372,-5.109964
41,기기 없음,3.262573,56.302676,1,0,1.486658,1.775914,-8.125696,-4.446607
41,기기 있음,0.596186,41.171230,0,0,1.486658,,-8.125696,-4.446607
42,기기 없음,3.204659,58.048350,1,0,1.490707,1.713952,-7.334644,-6.534361
42,기기 있음,1.171216,40.775430,0,0,1.490707,,-7.334644,-6.534361
43,기기 없음,2.579844,65.148342,1,0,1.937826,0.642017,-7.599470,-4.796137
43,기기 있음,1.060619,46.635474,0,0,1.937826,,-7.599470,-4.796137
44,기기 없음,2.780190,57.381056,1,0,1.571728,1.208462,-8.375267,-6.420876
44,기기 있음,0.915577,36.890457,0,0,1.571728,,-8.375267,-6.420876
45,기기 없음,2.824919,57.902712,1,0,1.473489,1.351430,-7.335480,-6.187724
45,기기 있음,1.047837,39.909825,0,0,1.473489,,-7.335480,-6.187724
46,기기 없음,3.115680,54.282613,1,0,1.266976,1.848704,-7.390471,-4.870286
46,기기 있음,1.056580,46.127278,0,0,1.266976,,-7.390471,-4.870286
47,기기 없음,2.677473,53.644581,1,0,1.331569,1.345904,-8.225043,-4.059386
47,기기 있음,1.162219,53.579916,1,0,1.331569,,-8.225043,-4.059386
48,기기 없음,2.504558,56.343926,1,0,1.520672,0.983886,-8.423344,-5.165369
48,기기 있음,0.677368,38.177945,0,0,1.520672,,-8.423344,-5.165369
49,기기 없음,2.349861,56.725151,1,0,1.438911,0.910950,-7.635009,-6.836499
49,기기 있음,0.913053,35.533344,0,0,1.438911,,-7.635009,-6.836499
50,기기 없음,2.030788,47.463614,1,0,1.021612,1.009176,-8.720495,-5.151073
50,기기 있음,0.566534,36.405339,0,0,1.021612,,-8.720495,-5.151073
51,기기 없음,3.264961,61.152706,1,0,1.826292,1.438669,-8.600184,-6.872948
51,기기 있음,0.931316,35.729984,0,0,1.826292,,-8.600184,-6.872948
52,기기 없음,3.744393,61.666667,1,0,1.896161,1.848232,-8.985275,-4.347563
52,기기 있음,0.619904,42.278110,0,0,1.896161,,-8.985275,-4.347563
53,기기 없음,2.202653,52.292534,1,0,1.140249,1.062404,-7.426151,-4.871265
53,기기 있음,0.895465,43.436296,0,0,1.140249,,-7.426151,-4.871265
54,기기 없음,2.224931,58.509255,1,0,1.554036,0.670895,-7.670298,-6.480616
54,기기 있음,0.900701,36.443121,0,0,1.554036,,-7.670298,-6.480616
55,기기 없음,1.758234,49.957027,0,0,1.108576,0.649658,-7.589669,-6.724837
55,기기 있음,0.826190,34.422950,0,0,1.108576,,-7.589669,-6.724837
56,기기 없음,3.289667,60.842019,1,0,1.672240,1.617427,-7.438542,-6.449400
56,기기 있음,0.865842,35.965867,0,0,1.672240,,-7.438542,-6.449400
57,기기 없음,3.032714,52.955964,1,0,1.281234,1.751481,-8.082168,-4.059918
57,기기 있음,1.034746,51.455546,0,0,1.281234,,-8.082168,-4.059918
58,기기 없음,2.059451,59.018535,0,0,1.659423,0.400028,-7.862518,-5.624318
58,기기 있음,1.059471,42.352207,0,0,1.659423,,-7.862518,-5.624318
59,기기 없음,2.053456,59.225250,1,0,1.726995,0.326462,-8.720406,-4.647757
59,기기 있음,0.844507,43.958113,0,0,1.726995,,-8.720406,-4.647757
60,기기 없음,3.098071,59.919121,1,0,1.768647,1.329424,-8.770940,-5.090775
60,기기 있음,0.919715,42.611055,0,0,1.768647,,-8.770940,-5.090775
61,기기 없음,1.585470,51.106862,1,0,1.107741,0.477729,-7.663194,-5.282761
61,기기 있음,1.151865,45.488724,0,0,1.107741,,-7.663194,-5.282761
62,기기 없음,3.682874,63.604948,1,0,1.916012,1.766862,-8.057808,-6.564609
62,기기 있음,0.583814,30.887446,0,0,1.916012,,-8.057808,-6.564609
63,기기 없음,2.019850,52.702818,1,0,1.230214,0.789636,-7.869528,-4.161927
63,기기 있음,0.581972,43.070838,0,0,1.230214,,-7.869528,-4.161927
64,기기 없음,1.510769,47.963202,0,0,1.037413,0.473357,-7.470002,-6.095972
64,기기 있음,0.561396,32.140320,0,0,1.037413,,-7.470002,-6.095972
65,기기 없음,3.504696,58.333333,1,0,1.554852,1.949844,-7.730563,-5.265948
65,기기 있음,0.960504,42.383310,0,0,1.554852,,-7.730563,-5.265948
66,기기 없음,1.885433,54.987171,1,0,1.370922,0.514510,-7.892841,-4.900672
66,기기 있음,0.793026,41.557880,0,0,1.370922,,-7.892841,-4.900672
67,기기 없음,2.570758,62.691666,1,0,1.829790,0.740968,-7.881586,-5.052301
67,기기 있음,1.042025,44.857310,0,0,1.829790,,-7.881586,-5.052301
68,기기 없음,2.300117,61.196304,1,0,1.808251,0.491865,-8.392100,-4.178217
68,기기 있음,0.969862,49.405554,0,0,1.808251,,-8.392100,-4.178217
69,기기 없음,1.736570,50.132094,0,0,1.317139,0.419431,-8.938364,-6.554683
69,기기 있음,0.733546,33.415035,0,0,1.317139,,-8.938364,-6.554683
70,기기 없음,2.193081,61.919447,0,0,1.952899,0.240181,-8.126565,-5.474942
70,기기 있음,1.128857,44.182380,0,0,1.952899,,-8.126565,-5.474942
71,기기 없음,1.596169,50.599253,0,0,1.290918,0.305251,-8.570831,-5.787897
71,기기 있음,1.033773,41.225977,0,0,1.290918,,-8.570831,-5.787897
72,기기 없음,2.046876,56.731829,1,0,1.515057,0.531819,-8.182943,-5.577494
72,기기 있음,0.689374,36.391240,0,0,1.515057,,-8.182943,-5.577494
73,기기 없음,1.557391,46.866122,0,0,1.255965,0.301426,-7.293194,-6.642347
73,기기 있음,0.754934,33.491849,0,0,1.255965,,-7.293194,-6.642347
74,기기 없음,3.259217,63.142642,1,0,1.936044,1.323173,-8.532121,-6.597716
74,기기 있음,0.720108,33.052855,0,0,1.936044,,-8.532121,-6.597716
75,기기 없음,2.657965,49.639340,1,0,1.164608,1.493358,-8.883395,-6.165773
75,기기 있음,0.610328,32.697922,0,0,1.164608,,-8.883395,-6.165773
76,기기 없음,1.992808,48.425219,1,0,1.044911,0.947898,-8.437232,-6.085886
76,기기 있음,0.603448,32.878946,0,0,1.044911,,-8.437232,-6.085886
77,기기 없음,2.239280,54.972057,1,0,1.435097,0.804183,-8.412812,-5.716290
77,기기 있음,1.155289,43.551852,0,0,1.435097,,-8.412812,-5.716290
78,기기 없음,3.150975,65.888605,1,1,1.992376,1.158600,-7.676167,-5.167037
78,기기 있음,0.806533,40.322006,0,1,1.992376,,-7.676167,-5.167037
79,기기 없음,3.754187,63.492062,1,0,1.891677,1.862509,-7.885936,-5.096113
79,기기 있음,0.768324,40.059287,0,0,1.891677,,-7.885936,-5.096113
80,기기 없음,3.565758,62.088916,1,0,1.748608,1.817150,-7.432204,-5.764567
80,기기 있음,1.010780,40.939883,0,0,1.748608,,-7.432204,-5.764567
81,기기 없음,2.173395,60.278896,0,0,1.890792,0.282603,-7.671373,-5.773651
81,기기 있음,0.887095,38.840564,0,0,1.890792,,-7.671373,-5.773651
82,기기 없음,2.438294,62.520437,0,0,1.893447,0.544847,-8.187226,-6.347114
82,기기 있음,1.155298,41.137176,0,0,1.893447,,-8.187226,-6.347114
83,기기 없음,2.168674,58.699924,1,0,1.518858,0.649815,-7.371959,-5.235081
83,기기 있음,1.046211,43.967268,0,0,1.518858,,-7.371959,-5.235081
84,기기 없음,1.989765,52.496835,1,0,1.315929,0.673836,-8.666054,-6.048877
84,기기 있음,0.835559,36.887080,0,0,1.315929,,-8.666054,-6.048877
85,기기 없음,3.057354,59.623031,1,0,1.772012,1.285342,-8.954576,-6.891820
85,기기 있음,0.763452,32.876908,0,0,1.772012,,-8.954576,-6.891820
86,기기 없음,2.652560,57.975621,1,0,1.661661,0.990899,-8.819904,-5.744800
86,기기 있음,1.190642,44.020489,0,0,1.661661,,-8.819904,-5.744800
87,기기 없음,1.667241,52.688526,0,0,1.373658,0.293583,-7.555281,-5.577602
87,기기 있음,1.002432,41.608386,0,0,1.373658,,-7.555281,-5.577602
88,기기 없음,2.004334,49.943812,1,0,1.094467,0.909867,-8.076246,-6.323221
88,기기 있음,1.165836,41.395499,0,0,1.094467,,-8.076246,-6.323221
89,기기 없음,2.941920,59.638037,1,0,1.746790,1.195131,-8.677456,-5.282626
89,기기 있음,0.582935,36.007220,0,0,1.746790,,-8.677456,-5.282626
90,기기 없음,1.655637,52.928643,1,0,1.262461,0.393177,-7.997910,-5.302684
90,기기 있음,1.095374,44.448411,0,0,1.262461,,-7.997910,-5.302684
91,기기 없음,3.720384,62.827310,1,0,1.936813,1.783571,-8.695376,-4.893993
91,기기 있음,0.945952,44.145321,0,0,1.936813,,-8.695376,-4.893993
92,기기 없음,1.539698,53.130908,0,0,1.240971,0.298728,-7.607359,-5.056155
92,기기 있음,0.585345,37.225026,0,0,1.240971,,-7.607359,-5.056155
93,기기 없음,3.079957,50.333333,1,0,1.122758,1.957200,-8.107687,-5.042701
93,기기 있음,0.911781,42.738903,0,0,1.122758,,-8.107687,-5.042701
94,기기 없음,2.219428,59.942152,0,0,1.831113,0.388315,-8.237958,-6.051358
94,기기 있음,0.980267,39.289482,0,0,1.831113,,-8.237958,-6.051358
95,기기 없음,2.956077,50.323858,1,0,1.153284,1.802792,-8.396976,-4.637703
95,기기 있음,0.508612,38.424638,0,0,1.153284,,-8.396976,-4.637703
96,기기 없음,3.094309,51.998234,1,0,1.179268,1.915041,-7.739435,-5.352567
96,기기 있음,0.818023,39.581800,0,0,1.179268,,-7.739435,-5.352567
97,기기 없음,3.660567,58.000000,1,0,1.599383,2.061184,-8.276375,-5.705745
97,기기 있음,1.077780,42.304930,0,0,1.599383,,-8.276375,-5.705745
98,기기 없음,3.598411,61.478517,1,0,1.874562,1.723849,-8.824700,-5.121963
98,기기 있음,0.706751,38.895531,0,0,1.874562,,-8.824700,-5.121963
99,기기 없음,2.877442,50.273198,1,0,1.196435,1.681007,-8.763988,-5.918028
99,기기 있음,0.820984,37.151840,0,0,1.196435,,-8.763988,-5.918028
100,기기 없음,2.731042,55.832510,1,0,1.310324,1.420718,-7.076205,-5.461782
100,기기 있음,0.809620,38.922890,0,0,1.310324,,-7.076205,-5.461782
