trial,reaction_time_s_no_device,reaction_time_s_with_device
1,3.585650,1.045297
2,3.746177,0.594187
3,2.417278,0.875248
4,2.442582,0.859956
5,2.005230,1.100301
6,2.353237,0.823960
7,1.899824,0.769563
8,2.759793,0.947694
9,1.527873,0.686524
10,3.064629,0.597838
11,2.974875,0.834514
12,2.506485,0.791823
13,1.885530,0.662799
14,3.307056,0.757258
15,2.736046,0.756475
16,3.460684,0.729247
17,2.207529,0.765625
18,2.154595,0.980020
19,3.394462,0.707814
20,2.582707,1.164201
21,2.355900,1.141444
22,2.778156,0.836637
23,2.543886,0.729853
24,3.431492,0.874804
25,1.785862,1.093992
26,3.451127,0.956811
27,1.577094,1.063074
28,2.399400,0.872906
29,2.507956,0.943042
30,1.988850,0.701709
31,1.637238,1.014425
32,2.921437,0.641683
33,3.616902,0.986359
34,2.679351,1.102503
35,3.563660,0.592472
36,2.751090,0.930066
37,3.046584,0.566567
38,3.173354,1.008001
39,2.016625,0.559145
40,1.490104,1.155158
41,3.262573,0.596186
42,3.204659,1.171216
43,2.579844,1.060619
44,2.780190,0.915577
45,2.824919,1.047837
46,3.115680,1.056580
47,2.677473,1.162219
48,2.504558,0.677368
49,2.349861,0.913053
50,2.030788,0.566534
51,3.264961,0.931316
52,3.744393,0.619904
53,2.202653,0.895465
54,2.224931,0.900701
55,1.758234,0.826190
56,3.289667,0.865842
57,3.032714,1.034746
58,2.059451,1.059471
59,2.053456,0.844507
60,3.098071,0.919715
61,1.585470,1.151865
62,3.682874,0.583814
63,2.019850,0.581972
64,1.510769,0.561396
65,3.504696,0.960504
66,1.885433,0.793026
67,2.570758,1.042025
68,2.300117,0.969862
69,1.736570,0.733546
70,2.193081,1.128857
71,1.596169,1.033773
72,2.046876,0.689374
73,1.557391,0.754934
74,3.259217,0.720108
75,2.657965,0.610328
76,1.992808,0.603448
77,2.239280,1.155289
78,3.150975,0.806533
79,3.754187,0.768324
80,3.565758,1.010780
81,2.173395,0.887095
82,2.438294,1.155298
83,2.168674,1.046211
84,1.989765,0.835559
85,3.057354,0.763452
86,2.652560,1.190642
87,1.667241,1.002432
88,2.004334,1.165836
89,2.941920,0.582935
90,1.655637,1.095374
91,3.720384,0.945952
92,1.539698,0.585345
93,3.079957,0.911781
94,2.219428,0.980267
95,2.956077,0.508612
96,3.094309,0.818023
97,3.660567,1.077780
98,3.598411,0.706751
99,2.877442,0.820984
100,2.731042,0.809620
