year,sido_cd,gugun_cd,district,afos_fid,afos_id,bjd_cd,spot_cd,sido_sgg_nm,spot_nm,occrrnc_cnt,caslt_cnt,dth_dnv_cnt,se_dnv_cnt,sl_dnv_cnt,wnd_dnv_cnt,lat,lon,dist_오창IC_m,dist_오창과학산업단지_m,dist_청주국제공항_m
2021,43,111,청주시 상당구,6787805,2022048,4311112400,43111001,충청북도 청주시 상당구1,충청북도 청주시 상당구 용암동(방서사거리 부근),4,6,0,5,1,0,36.605978349222,127.500033545413,14334,12746,12301
2021,43,111,청주시 상당구,6787696,2022048,4311111100,43111002,충청북도 청주시 상당구2,충청북도 청주시 상당구 석교동(미래수산 부근),4,5,0,4,1,0,36.627433692012,127.490414759235,11815,10223,9944
2021,43,111,청주시 상당구,6787764,2022048,4311112000,43111003,충청북도 청주시 상당구3,충청북도 청주시 상당구 금천동(남양빌라나동 부근),4,4,0,4,0,0,36.625811373497,127.498915112544,12336,10735,10095
2021,43,113,청주시 흥덕구,6787663,2022048,4311312400,43113001,충청북도 청주시 흥덕구1,충청북도 청주시 흥덕구 지동동(서청주IC삼거리 부근),4,10,0,5,5,0,36.646516469460,127.416351793602,8481,7367,10726
2021,43,114,청주시 청원구,6787648,2022048,4311425300,43114001,충청북도 청주시 청원구1,충청북도 청주시 청원구 오창읍(창리사거리 부근),4,8,0,4,4,0,36.737769321298,127.458367255346,3077,3495,4319
2022,43,111,청주시 상당구,6827316,2023054,4311111100,43111001,충북 청주시 상당구1,충북 청주시 상당구 석교동(청남교사거리 부근),4,6,0,4,2,0,36.626671872676,127.489794112112,11866,10275,10033
2022,43,114,청주시 청원구,6827243,2023054,4311425331,43114001,충북 청주시 청원구1,충북 청주시 청원구 오창읍 창리(창리사거리 부근),4,8,0,4,4,0,36.738002153696,127.458453694910,3098,3521,4327
2023,43,111,청주시 상당구,6930800,2024048,4311110700,43111001,충북 청주시 상당구1,충북 청주시 상당구 문화동(구남궁병원사거리 부근),4,6,0,4,2,0,36.631553265806,127.490575438054,11416,9820,9487
2023,43,111,청주시 상당구,6930654,2024048,4311112000,43111002,충북 청주시 상당구2,충북 청주시 상당구 금천동(금천육거리 부근),4,4,0,4,0,0,36.625058447603,127.498054714645,12371,10771,10179
2024,43,113,청주시 흥덕구,7132454,2025089,4311311300,43113001,충북 청주시 흥덕구1,충북 청주시 흥덕구 가경동(시외버스터미널사거리 부근),4,4,0,4,0,0,36.625031859355,127.430182026405,10782,9489,11889
