year,district,landmark,occrrnc_cnt,caslt_cnt,dth_dnv_cnt,se_dnv_cnt,intersection_type,is_intersection,is_ic_junction,lat,lon
2021,청주시 상당구,방서사거리,4,6,0,5,사거리,1,0,36.605978349222,127.500033545413
2021,청주시 상당구,미래수산,4,5,0,4,비교차로,0,0,36.627433692012,127.490414759235
2021,청주시 상당구,남양빌라나동,4,4,0,4,비교차로,0,0,36.625811373497,127.498915112544
2021,청주시 흥덕구,서청주IC삼거리,4,10,0,5,삼거리,1,1,36.646516469460,127.416351793602
2021,청주시 청원구,창리사거리,4,8,0,4,사거리,1,0,36.737769321298,127.458367255346
2022,청주시 상당구,청남교사거리,4,6,0,4,사거리,1,0,36.626671872676,127.489794112112
2022,청주시 청원구,창리사거리,4,8,0,4,사거리,1,0,36.738002153696,127.458453694910
2023,청주시 상당구,구남궁병원사거리,4,6,0,4,사거리,1,0,36.631553265806,127.490575438054
2023,청주시 상당구,금천육거리,4,4,0,4,육거리,1,0,36.625058447603,127.498054714645
2024,청주시 흥덕구,시외버스터미널사거리,4,4,0,4,사거리,1,0,36.625031859355,127.430182026405
